fecha,producto_id,nombre,categoria,subcategoria,precio_base,es_estrella,unidades_vendidas,precio_venta,ingresos,is_inferencia,Amazon_x,Decathlon_x,Deporvillage_x,Amazon_y,Decathlon_y,Deporvillage_y,año,mes,mes_nombre,dia_mes,dia_semana,dia_semana_num,es_fin_de_semana,es_festivo,nombre_festivo,es_dia_lectivo,trimestre,semana_año,es_inicio_mes,es_primer_dia_mes,es_fin_mes,es_ultimo_dia_mes,black_friday,cyber_monday,es_ultimo_tramo_mes,unidades_vendidas_lag_1,unidades_vendidas_lag_2,unidades_vendidas_lag_3,unidades_vendidas_lag_4,unidades_vendidas_lag_5,unidades_vendidas_lag_6,unidades_vendidas_lag_7,unidades_vendidas_roll_7,descuento_porcentaje,precio_competencia,ratio_precio,nombre_h,categoria_h,subcategoria_h,nombre_h_Adidas Own The Run Jacket,nombre_h_Adidas Ultraboost 23,nombre_h_Asics Gel Nimbus 25,nombre_h_Bowflex SelectTech 552,nombre_h_Columbia Silver Ridge,nombre_h_Decathlon Bandas Elásticas Set,nombre_h_Domyos BM900,nombre_h_Domyos Kit Mancuernas 20kg,nombre_h_Gaiam Premium Yoga Block,nombre_h_Liforme Yoga Pad,nombre_h_Lotuscrafts Yoga Bolster,nombre_h_Manduka PRO Yoga Mat,nombre_h_Merrell Moab 2 GTX,nombre_h_New Balance Fresh Foam X 1080v12,nombre_h_Nike Air Zoom Pegasus 40,nombre_h_Nike Dri-FIT Miler,nombre_h_Puma Velocity Nitro 2,nombre_h_Quechua MH500,nombre_h_Reebok Floatride Energy 5,nombre_h_Reebok Professional Deck,nombre_h_Salomon Speedcross 5 GTX,nombre_h_Sveltus Kettlebell 12kg,nombre_h_The North Face Borealis,nombre_h_Trek Marlin 7,categoria_h_Fitness,categoria_h_Outdoor,categoria_h_Running,categoria_h_Wellness,subcategoria_h_Banco Gimnasio,subcategoria_h_Bandas Elásticas,subcategoria_h_Bicicleta Montaña,subcategoria_h_Bloque Yoga,subcategoria_h_Cojín Yoga,subcategoria_h_Esterilla Fitness,subcategoria_h_Esterilla Yoga,subcategoria_h_Mancuernas Ajustables,subcategoria_h_Mochila Trekking,subcategoria_h_Pesa Rusa,subcategoria_h_Pesas Casa,subcategoria_h_Rodillera Yoga,subcategoria_h_Ropa Montaña,subcategoria_h_Ropa Running,subcategoria_h_Zapatillas Running,subcategoria_h_Zapatillas Trail
2025-11-01,PROD_001,Nike Air Zoom Pegasus 40,Running,Zapatillas Running,115,True,,115.0,,True,81.78,117.08,102.97,,,,2025,11,November,1,Saturday,5,True,False,,False,4,44,True,True,False,False,False,False,False,14.0,10.0,14.0,15.0,16.0,20.0,26.0,,0.0,,,Nike Air Zoom Pegasus 40,Running,Zapatillas Running,False,False,False,False,False,False,False,False,False,False,False,False,False,False,True,False,False,False,False,False,False,False,False,False,False,False,True,False,False,False,False,False,False,False,False,False,False,False,False,False,False,False,True,False
2025-11-02,PROD_001,Nike Air Zoom Pegasus 40,Running,Zapatillas Running,115,True,,115.0,,True,86.36,110.03,96.83,,,,2025,11,November,2,Sunday,6,True,False,,False,4,44,True,False,False,False,False,False,False,,14.0,10.0,14.0,15.0,16.0,20.0,,0.0,,,Nike Air Zoom Pegasus 40,Running,Zapatillas Running,False,False,False,False,False,False,False,False,False,False,False,False,False,False,True,False,False,False,False,False,False,False,False,False,False,False,True,False,False,False,False,False,False,False,False,False,False,False,False,False,False,False,True,False
2025-11-03,PROD_001,Nike Air Zoom Pegasus 40,Running,Zapatillas Running,115,True,,115.0,,True,80.95,111.73,105.86,,,,2025,11,November,3,Monday,0,False,False,,True,4,45,True,False,False,False,False,False,False,,,14.0,10.0,14.0,15.0,16.0,,0.0,,,Nike Air Zoom Pegasus 40,Running,Zapatillas Running,False,False,False,False,False,False,False,False,False,False,False,False,False,False,True,False,False,False,False,False,False,False,False,False,False,False,True,False,False,False,False,False,False,False,False,False,False,False,False,False,False,False,True,False
2025-11-04,PROD_001,Nike Air Zoom Pegasus 40,Running,Zapatillas Running,115,True,,115.0,,True,89.83,120.46,106.37,,,,2025,11,November,4,Tuesday,1,False,False,,True,4,45,True,False,False,False,False,False,False,,,,14.0,10.0,14.0,15.0,,0.0,,,Nike Air Zoom Pegasus 40,Running,Zapatillas Running,False,False,False,False,False,False,False,False,False,False,False,False,False,False,True,False,False,False,False,False,False,False,False,False,False,False,True,False,False,False,False,False,False,False,False,False,False,False,False,False,False,False,True,False
2025-11-05,PROD_001,Nike Air Zoom Pegasus 40,Running,Zapatillas Running,115,True,,115.0,,True,88.32,114.45,98.06,,,,2025,11,November,5,Wednesday,2,False,False,,True,4,45,True,False,False,False,False,False,False,,,,,14.0,10.0,14.0,,0.0,,,Nike Air Zoom Pegasus 40,Running,Zapatillas Running,False,False,False,False,False,False,False,False,False,False,False,False,False,False,True,False,False,False,False,False,False,False,False,False,False,False,True,False,False,False,False,False,False,False,False,False,False,False,False,False,False,False,True,False
2025-11-06,PROD_001,Nike Air Zoom Pegasus 40,Running,Zapatillas Running,115,True,,115.0,,True,95.91,119.89,93.57,,,,2025,11,November,6,Thursday,3,False,False,,True,4,45,True,False,False,False,False,False,False,,,,,,14.0,10.0,,0.0,,,Nike Air Zoom Pegasus 40,Running,Zapatillas Running,False,False,False,False,False,False,False,False,False,False,False,False,False,False,True,False,False,False,False,False,False,False,False,False,False,False,True,False,False,False,False,False,False,False,False,False,False,False,False,False,False,False,True,False
2025-11-07,PROD_001,Nike Air Zoom Pegasus 40,Running,Zapatillas Running,115,True,,115.0,,True,87.44,108.78,103.82,,,,2025,11,November,7,Friday,4,False,False,,True,4,45,True,False,False,False,False,False,False,,,,,,,14.0,,0.0,,,Nike Air Zoom Pegasus 40,Running,Zapatillas Running,False,False,False,False,False,False,False,False,False,False,False,False,False,False,True,False,False,False,False,False,False,False,False,False,False,False,True,False,False,False,False,False,False,False,False,False,False,False,False,False,False,False,True,False
2025-11-08,PROD_001,Nike Air Zoom Pegasus 40,Running,Zapatillas Running,115,True,,115.0,,True,88.92,110.37,106.09,,,,2025,11,November,8,Saturday,5,True,False,,False,4,45,False,False,False,False,False,False,False,,,,,,,,,0.0,,,Nike Air Zoom Pegasus 40,Running,Zapatillas Running,False,False,False,False,False,False,False,False,False,False,False,False,False,False,True,False,False,False,False,False,False,False,False,False,False,False,True,False,False,False,False,False,False,False,False,False,False,False,False,False,False,False,True,False
2025-11-09,PROD_001,Nike Air Zoom Pegasus 40,Running,Zapatillas Running,115,True,,115.0,,True,87.49,117.96,99.82,,,,2025,11,November,9,Sunday,6,True,False,,False,4,45,False,False,False,False,False,False,False,,,,,,,,,0.0,,,Nike Air Zoom Pegasus 40,Running,Zapatillas Running,False,False,False,False,False,False,False,False,False,False,False,False,False,False,True,False,False,False,False,False,False,False,False,False,False,False,True,False,False,False,False,False,False,False,False,False,False,False,False,False,False,False,True,False
2025-11-10,PROD_001,Nike Air Zoom Pegasus 40,Running,Zapatillas Running,115,True,,115.0,,True,83.89,112.42,103.57,,,,2025,11,November,10,Monday,0,False,False,,True,4,46,False,False,False,False,False,False,False,,,,,,,,,0.0,,,Nike Air Zoom Pegasus 40,Running,Zapatillas Running,False,False,False,False,False,False,False,False,False,False,False,False,False,False,True,False,False,False,False,False,False,False,False,False,False,False,True,False,False,False,False,False,False,False,False,False,False,False,False,False,False,False,True,False
2025-11-11,PROD_001,Nike Air Zoom Pegasus 40,Running,Zapatillas Running,115,True,,115.0,,True,86.17,115.98,97.15,,,,2025,11,November,11,Tuesday,1,False,False,,True,4,46,False,False,False,False,False,False,False,,,,,,,,,0.0,,,Nike Air Zoom Pegasus 40,Running,Zapatillas Running,False,False,False,False,False,False,False,False,False,False,False,False,False,False,True,False,False,False,False,False,False,False,False,False,False,False,True,False,False,False,False,False,False,False,False,False,False,False,False,False,False,False,True,False
2025-11-12,PROD_001,Nike Air Zoom Pegasus 40,Running,Zapatillas Running,115,True,,115.0,,True,95.91,109.73,97.08,,,,2025,11,November,12,Wednesday,2,False,False,,True,4,46,False,False,False,False,False,False,False,,,,,,,,,0.0,,,Nike Air Zoom Pegasus 40,Running,Zapatillas Running,False,False,False,False,False,False,False,False,False,False,False,False,False,False,True,False,False,False,False,False,False,False,False,False,False,False,True,False,False,False,False,False,False,False,False,False,False,False,False,False,False,False,True,False
2025-11-13,PROD_001,Nike Air Zoom Pegasus 40,Running,Zapatillas Running,115,True,,115.0,,True,92.67,105.39,98.33,,,,2025,11,November,13,Thursday,3,False,False,,True,4,46,False,False,False,False,False,False,False,,,,,,,,,0.0,,,Nike Air Zoom Pegasus 40,Running,Zapatillas Running,False,False,False,False,False,False,False,False,False,False,False,False,False,False,True,False,False,False,False,False,False,False,False,False,False,False,True,False,False,False,False,False,False,False,False,False,False,False,False,False,False,False,True,False
2025-11-14,PROD_001,Nike Air Zoom Pegasus 40,Running,Zapatillas Running,115,True,,115.0,,True,95.91,123.88,100.14,,,,2025,11,November,14,Friday,4,False,False,,True,4,46,False,False,False,False,False,False,False,,,,,,,,,0.0,,,Nike Air Zoom Pegasus 40,Running,Zapatillas Running,False,False,False,False,False,False,False,False,False,False,False,False,False,False,True,False,False,False,False,False,False,False,False,False,False,False,True,False,False,False,False,False,False,False,False,False,False,False,False,False,False,False,True,False
2025-11-15,PROD_001,Nike Air Zoom Pegasus 40,Running,Zapatillas Running,115,True,,115.0,,True,87.26,103.16,100.97,,,,2025,11,November,15,Saturday,5,True,False,,False,4,46,False,False,False,False,False,False,False,,,,,,,,,0.0,,,Nike Air Zoom Pegasus 40,Running,Zapatillas Running,False,False,False,False,False,False,False,False,False,False,False,False,False,False,True,False,False,False,False,False,False,False,False,False,False,False,True,False,False,False,False,False,False,False,False,False,False,False,False,False,False,False,True,False
2025-11-16,PROD_001,Nike Air Zoom Pegasus 40,Running,Zapatillas Running,115,True,,115.0,,True,84.42,115.38,100.85,,,,2025,11,November,16,Sunday,6,True,False,,False,4,46,False,False,False,False,False,False,False,,,,,,,,,0.0,,,Nike Air Zoom Pegasus 40,Running,Zapatillas Running,False,False,False,False,False,False,False,False,False,False,False,False,False,False,True,False,False,False,False,False,False,False,False,False,False,False,True,False,False,False,False,False,False,False,False,False,False,False,False,False,False,False,True,False
2025-11-17,PROD_001,Nike Air Zoom Pegasus 40,Running,Zapatillas Running,115,True,,115.0,,True,88.27,110.02,94.07,,,,2025,11,November,17,Monday,0,False,False,,True,4,47,False,False,False,False,False,False,False,,,,,,,,,0.0,,,Nike Air Zoom Pegasus 40,Running,Zapatillas Running,False,False,False,False,False,False,False,False,False,False,False,False,False,False,True,False,False,False,False,False,False,False,False,False,False,False,True,False,False,False,False,False,False,False,False,False,False,False,False,False,False,False,True,False
2025-11-18,PROD_001,Nike Air Zoom Pegasus 40,Running,Zapatillas Running,115,True,,115.0,,True,84.63,111.51,98.36,,,,2025,11,November,18,Tuesday,1,False,False,,True,4,47,False,False,False,False,False,False,False,,,,,,,,,0.0,,,Nike Air Zoom Pegasus 40,Running,Zapatillas Running,False,False,False,False,False,False,False,False,False,False,False,False,False,False,True,False,False,False,False,False,False,False,False,False,False,False,True,False,False,False,False,False,False,False,False,False,False,False,False,False,False,False,True,False
2025-11-19,PROD_001,Nike Air Zoom Pegasus 40,Running,Zapatillas Running,115,True,,115.0,,True,79.72,105.21,101.68,,,,2025,11,November,19,Wednesday,2,False,False,,True,4,47,False,False,False,False,False,False,False,,,,,,,,,0.0,,,Nike Air Zoom Pegasus 40,Running,Zapatillas Running,False,False,False,False,False,False,False,False,False,False,False,False,False,False,True,False,False,False,False,False,False,False,False,False,False,False,True,False,False,False,False,False,False,False,False,False,False,False,False,False,False,False,True,False
2025-11-20,PROD_001,Nike Air Zoom Pegasus 40,Running,Zapatillas Running,115,True,,115.0,,True,89.86,113.07,103.35,,,,2025,11,November,20,Thursday,3,False,False,,True,4,47,False,False,False,False,False,False,False,,,,,,,,,0.0,,,Nike Air Zoom Pegasus 40,Running,Zapatillas Running,False,False,False,False,False,False,False,False,False,False,False,False,False,False,True,False,False,False,False,False,False,False,False,False,False,False,True,False,False,False,False,False,False,False,False,False,False,False,False,False,False,False,True,False
2025-11-21,PROD_001,Nike Air Zoom Pegasus 40,Running,Zapatillas Running,115,True,,115.0,,True,83.11,103.87,99.61,,,,2025,11,November,21,Friday,4,False,False,,True,4,47,False,False,False,False,False,False,False,,,,,,,,,0.0,,,Nike Air Zoom Pegasus 40,Running,Zapatillas Running,False,False,False,False,False,False,False,False,False,False,False,False,False,False,True,False,False,False,False,False,False,False,False,False,False,False,True,False,False,False,False,False,False,False,False,False,False,False,False,False,False,False,True,False
2025-11-22,PROD_001,Nike Air Zoom Pegasus 40,Running,Zapatillas Running,115,True,,115.0,,True,90.93,109.47,101.8,,,,2025,11,November,22,Saturday,5,True,False,,False,4,47,False,False,False,False,False,False,False,,,,,,,,,0.0,,,Nike Air Zoom Pegasus 40,Running,Zapatillas Running,False,False,False,False,False,False,False,False,False,False,False,False,False,False,True,False,False,False,False,False,False,False,False,False,False,False,True,False,False,False,False,False,False,False,False,False,False,False,False,False,False,False,True,False
2025-11-23,PROD_001,Nike Air Zoom Pegasus 40,Running,Zapatillas Running,115,True,,115.0,,True,93.77,117.81,101.14,,,,2025,11,November,23,Sunday,6,True,False,,False,4,47,False,False,False,False,False,False,False,,,,,,,,,0.0,,,Nike Air Zoom Pegasus 40,Running,Zapatillas Running,False,False,False,False,False,False,False,False,False,False,False,False,False,False,True,False,False,False,False,False,False,False,False,False,False,False,True,False,False,False,False,False,False,False,False,False,False,False,False,False,False,False,True,False
2025-11-24,PROD_001,Nike Air Zoom Pegasus 40,Running,Zapatillas Running,115,True,,115.0,,True,80.2,122.64,100.61,,,,2025,11,November,24,Monday,0,False,False,,True,4,48,False,False,False,False,False,False,True,,,,,,,,,0.0,,,Nike Air Zoom Pegasus 40,Running,Zapatillas Running,False,False,False,False,False,False,False,False,False,False,False,False,False,False,True,False,False,False,False,False,False,False,False,False,False,False,True,False,False,False,False,False,False,False,False,False,False,False,False,False,False,False,True,False
2025-11-25,PROD_001,Nike Air Zoom Pegasus 40,Running,Zapatillas Running,115,True,,115.0,,True,92.19,112.71,95.7,,,,2025,11,November,25,Tuesday,1,False,False,,True,4,48,False,False,True,False,False,False,True,,,,,,,,,0.0,,,Nike Air Zoom Pegasus 40,Running,Zapatillas Running,False,False,False,False,False,False,False,False,False,False,False,False,False,False,True,False,False,False,False,False,False,False,False,False,False,False,True,False,False,False,False,False,False,False,False,False,False,False,False,False,False,False,True,False
2025-11-26,PROD_001,Nike Air Zoom Pegasus 40,Running,Zapatillas Running,115,True,,115.0,,True,85.94,112.14,94.15,,,,2025,11,November,26,Wednesday,2,False,False,,True,4,48,False,False,True,False,False,False,True,,,,,,,,,0.0,,,Nike Air Zoom Pegasus 40,Running,Zapatillas Running,False,False,False,False,False,False,False,False,False,False,False,False,False,False,True,False,False,False,False,False,False,False,False,False,False,False,True,False,False,False,False,False,False,False,False,False,False,False,False,False,False,False,True,False
2025-11-27,PROD_001,Nike Air Zoom Pegasus 40,Running,Zapatillas Running,115,True,,115.0,,True,90.02,117.47,99.83,,,,2025,11,November,27,Thursday,3,False,False,,True,4,48,False,False,True,False,False,False,True,,,,,,,,,0.0,,,Nike Air Zoom Pegasus 40,Running,Zapatillas Running,False,False,False,False,False,False,False,False,False,False,False,False,False,False,True,False,False,False,False,False,False,False,False,False,False,False,True,False,False,False,False,False,False,False,False,False,False,False,False,False,False,False,True,False
2025-11-28,PROD_001,Nike Air Zoom Pegasus 40,Running,Zapatillas Running,115,True,,97.75,,True,84.62,116.68,98.96,,,,2025,11,November,28,Friday,4,False,False,,True,4,48,False,False,True,False,True,False,True,,,,,,,,,-15.0,,,Nike Air Zoom Pegasus 40,Running,Zapatillas Running,False,False,False,False,False,False,False,False,False,False,False,False,False,False,True,False,False,False,False,False,False,False,False,False,False,False,True,False,False,False,False,False,False,False,False,False,False,False,False,False,False,False,True,False
2025-11-29,PROD_001,Nike Air Zoom Pegasus 40,Running,Zapatillas Running,115,True,,115.0,,True,89.41,115.61,106.52,,,,2025,11,November,29,Saturday,5,True,False,,False,4,48,False,False,True,False,False,False,True,,,,,,,,,0.0,,,Nike Air Zoom Pegasus 40,Running,Zapatillas Running,False,False,False,False,False,False,False,False,False,False,False,False,False,False,True,False,False,False,False,False,False,False,False,False,False,False,True,False,False,False,False,False,False,False,False,False,False,False,False,False,False,False,True,False
2025-11-30,PROD_001,Nike Air Zoom Pegasus 40,Running,Zapatillas Running,115,True,,115.0,,True,89.5,115.22,96.99,,,,2025,11,November,30,Sunday,6,True,False,,False,4,48,False,False,True,True,False,False,True,,,,,,,,,0.0,,,Nike Air Zoom Pegasus 40,Running,Zapatillas Running,False,False,False,False,False,False,False,False,False,False,False,False,False,False,True,False,False,False,False,False,False,False,False,False,False,False,True,False,False,False,False,False,False,False,False,False,False,False,False,False,False,False,True,False
2025-11-01,PROD_002,Adidas Ultraboost 23,Running,Zapatillas Running,135,True,,135.0,,True,121.0,116.13,120.11,,,,2025,11,November,1,Saturday,5,True,False,,False,4,44,True,True,False,False,False,False,False,13.0,13.0,14.0,12.0,15.0,19.0,27.0,,0.0,,,Adidas Ultraboost 23,Running,Zapatillas Running,False,True,False,False,False,False,False,False,False,False,False,False,False,False,False,False,False,False,False,False,False,False,False,False,False,False,True,False,False,False,False,False,False,False,False,False,False,False,False,False,False,False,True,False
2025-11-02,PROD_002,Adidas Ultraboost 23,Running,Zapatillas Running,135,True,,135.0,,True,114.52,113.78,126.45,,,,2025,11,November,2,Sunday,6,True,False,,False,4,44,True,False,False,False,False,False,False,,13.0,13.0,14.0,12.0,15.0,19.0,,0.0,,,Adidas Ultraboost 23,Running,Zapatillas Running,False,True,False,False,False,False,False,False,False,False,False,False,False,False,False,False,False,False,False,False,False,False,False,False,False,False,True,False,False,False,False,False,False,False,False,False,False,False,False,False,False,False,True,False
2025-11-03,PROD_002,Adidas Ultraboost 23,Running,Zapatillas Running,135,True,,135.0,,True,120.78,107.31,125.41,,,,2025,11,November,3,Monday,0,False,False,,True,4,45,True,False,False,False,False,False,False,,,13.0,13.0,14.0,12.0,15.0,,0.0,,,Adidas Ultraboost 23,Running,Zapatillas Running,False,True,False,False,False,False,False,False,False,False,False,False,False,False,False,False,False,False,False,False,False,False,False,False,False,False,True,False,False,False,False,False,False,False,False,False,False,False,False,False,False,False,True,False
2025-11-04,PROD_002,Adidas Ultraboost 23,Running,Zapatillas Running,135,True,,135.0,,True,123.43,112.46,129.05,,,,2025,11,November,4,Tuesday,1,False,False,,True,4,45,True,False,False,False,False,False,False,,,,13.0,13.0,14.0,12.0,,0.0,,,Adidas Ultraboost 23,Running,Zapatillas Running,False,True,False,False,False,False,False,False,False,False,False,False,False,False,False,False,False,False,False,False,False,False,False,False,False,False,True,False,False,False,False,False,False,False,False,False,False,False,False,False,False,False,True,False
2025-11-05,PROD_002,Adidas Ultraboost 23,Running,Zapatillas Running,135,True,,135.0,,True,131.62,117.72,111.92,,,,2025,11,November,5,Wednesday,2,False,False,,True,4,45,True,False,False,False,False,False,False,,,,,13.0,13.0,14.0,,0.0,,,Adidas Ultraboost 23,Running,Zapatillas Running,False,True,False,False,False,False,False,False,False,False,False,False,False,False,False,False,False,False,False,False,False,False,False,False,False,False,True,False,False,False,False,False,False,False,False,False,False,False,False,False,False,False,True,False
2025-11-06,PROD_002,Adidas Ultraboost 23,Running,Zapatillas Running,135,True,,135.0,,True,116.53,121.22,119.94,,,,2025,11,November,6,Thursday,3,False,False,,True,4,45,True,False,False,False,False,False,False,,,,,,13.0,13.0,,0.0,,,Adidas Ultraboost 23,Running,Zapatillas Running,False,True,False,False,False,False,False,False,False,False,False,False,False,False,False,False,False,False,False,False,False,False,False,False,False,False,True,False,False,False,False,False,False,False,False,False,False,False,False,False,False,False,True,False
2025-11-07,PROD_002,Adidas Ultraboost 23,Running,Zapatillas Running,135,True,,135.0,,True,120.68,110.89,124.77,,,,2025,11,November,7,Friday,4,False,False,,True,4,45,True,False,False,False,False,False,False,,,,,,,13.0,,0.0,,,Adidas Ultraboost 23,Running,Zapatillas Running,False,True,False,False,False,False,False,False,False,False,False,False,False,False,False,False,False,False,False,False,False,False,False,False,False,False,True,False,False,False,False,False,False,False,False,False,False,False,False,False,False,False,True,False
2025-11-08,PROD_002,Adidas Ultraboost 23,Running,Zapatillas Running,135,True,,135.0,,True,121.34,118.71,128.24,,,,2025,11,November,8,Saturday,5,True,False,,False,4,45,False,False,False,False,False,False,False,,,,,,,,,0.0,,,Adidas Ultraboost 23,Running,Zapatillas Running,False,True,False,False,False,False,False,False,False,False,False,False,False,False,False,False,False,False,False,False,False,False,False,False,False,False,True,False,False,False,False,False,False,False,False,False,False,False,False,False,False,False,True,False
2025-11-09,PROD_002,Adidas Ultraboost 23,Running,Zapatillas Running,135,True,,135.0,,True,121.44,113.49,124.94,,,,2025,11,November,9,Sunday,6,True,False,,False,4,45,False,False,False,False,False,False,False,,,,,,,,,0.0,,,Adidas Ultraboost 23,Running,Zapatillas Running,False,True,False,False,False,False,False,False,False,False,False,False,False,False,False,False,False,False,False,False,False,False,False,False,False,False,True,False,False,False,False,False,False,False,False,False,False,False,False,False,False,False,True,False
2025-11-10,PROD_002,Adidas Ultraboost 23,Running,Zapatillas Running,135,True,,135.0,,True,116.05,109.66,125.85,,,,2025,11,November,10,Monday,0,False,False,,True,4,46,False,False,False,False,False,False,False,,,,,,,,,0.0,,,Adidas Ultraboost 23,Running,Zapatillas Running,False,True,False,False,False,False,False,False,False,False,False,False,False,False,False,False,False,False,False,False,False,False,False,False,False,False,True,False,False,False,False,False,False,False,False,False,False,False,False,False,False,False,True,False
2025-11-11,PROD_002,Adidas Ultraboost 23,Running,Zapatillas Running,135,True,,135.0,,True,122.63,122.69,123.66,,,,2025,11,November,11,Tuesday,1,False,False,,True,4,46,False,False,False,False,False,False,False,,,,,,,,,0.0,,,Adidas Ultraboost 23,Running,Zapatillas Running,False,True,False,False,False,False,False,False,False,False,False,False,False,False,False,False,False,False,False,False,False,False,False,False,False,False,True,False,False,False,False,False,False,False,False,False,False,False,False,False,False,False,True,False
2025-11-12,PROD_002,Adidas Ultraboost 23,Running,Zapatillas Running,135,True,,135.0,,True,115.83,103.14,121.07,,,,2025,11,November,12,Wednesday,2,False,False,,True,4,46,False,False,False,False,False,False,False,,,,,,,,,0.0,,,Adidas Ultraboost 23,Running,Zapatillas Running,False,True,False,False,False,False,False,False,False,False,False,False,False,False,False,False,False,False,False,False,False,False,False,False,False,False,True,False,False,False,False,False,False,False,False,False,False,False,False,False,False,False,True,False
2025-11-13,PROD_002,Adidas Ultraboost 23,Running,Zapatillas Running,135,True,,135.0,,True,119.51,114.47,121.54,,,,2025,11,November,13,Thursday,3,False,False,,True,4,46,False,False,False,False,False,False,False,,,,,,,,,0.0,,,Adidas Ultraboost 23,Running,Zapatillas Running,False,True,False,False,False,False,False,False,False,False,False,False,False,False,False,False,False,False,False,False,False,False,False,False,False,False,True,False,False,False,False,False,False,False,False,False,False,False,False,False,False,False,True,False
2025-11-14,PROD_002,Adidas Ultraboost 23,Running,Zapatillas Running,135,True,,135.0,,True,125.38,117.78,132.83,,,,2025,11,November,14,Friday,4,False,False,,True,4,46,False,False,False,False,False,False,False,,,,,,,,,0.0,,,Adidas Ultraboost 23,Running,Zapatillas Running,False,True,False,False,False,False,False,False,False,False,False,False,False,False,False,False,False,False,False,False,False,False,False,False,False,False,True,False,False,False,False,False,False,False,False,False,False,False,False,False,False,False,True,False
2025-11-15,PROD_002,Adidas Ultraboost 23,Running,Zapatillas Running,135,True,,135.0,,True,111.55,117.92,126.61,,,,2025,11,November,15,Saturday,5,True,False,,False,4,46,False,False,False,False,False,False,False,,,,,,,,,0.0,,,Adidas Ultraboost 23,Running,Zapatillas Running,False,True,False,False,False,False,False,False,False,False,False,False,False,False,False,False,False,False,False,False,False,False,False,False,False,False,True,False,False,False,False,False,False,False,False,False,False,False,False,False,False,False,True,False
2025-11-16,PROD_002,Adidas Ultraboost 23,Running,Zapatillas Running,135,True,,135.0,,True,118.13,117.61,129.04,,,,2025,11,November,16,Sunday,6,True,False,,False,4,46,False,False,False,False,False,False,False,,,,,,,,,0.0,,,Adidas Ultraboost 23,Running,Zapatillas Running,False,True,False,False,False,False,False,False,False,False,False,False,False,False,False,False,False,False,False,False,False,False,False,False,False,False,True,False,False,False,False,False,False,False,False,False,False,False,False,False,False,False,True,False
2025-11-17,PROD_002,Adidas Ultraboost 23,Running,Zapatillas Running,135,True,,135.0,,True,115.55,108.22,134.81,,,,2025,11,November,17,Monday,0,False,False,,True,4,47,False,False,False,False,False,False,False,,,,,,,,,0.0,,,Adidas Ultraboost 23,Running,Zapatillas Running,False,True,False,False,False,False,False,False,False,False,False,False,False,False,False,False,False,False,False,False,False,False,False,False,False,False,True,False,False,False,False,False,False,False,False,False,False,False,False,False,False,False,True,False
2025-11-18,PROD_002,Adidas Ultraboost 23,Running,Zapatillas Running,135,True,,135.0,,True,114.23,114.48,119.17,,,,2025,11,November,18,Tuesday,1,False,False,,True,4,47,False,False,False,False,False,False,False,,,,,,,,,0.0,,,Adidas Ultraboost 23,Running,Zapatillas Running,False,True,False,False,False,False,False,False,False,False,False,False,False,False,False,False,False,False,False,False,False,False,False,False,False,False,True,False,False,False,False,False,False,False,False,False,False,False,False,False,False,False,True,False
2025-11-19,PROD_002,Adidas Ultraboost 23,Running,Zapatillas Running,135,True,,135.0,,True,121.05,109.2,128.3,,,,2025,11,November,19,Wednesday,2,False,False,,True,4,47,False,False,False,False,False,False,False,,,,,,,,,0.0,,,Adidas Ultraboost 23,Running,Zapatillas Running,False,True,False,False,False,False,False,False,False,False,False,False,False,False,False,False,False,False,False,False,False,False,False,False,False,False,True,False,False,False,False,False,False,False,False,False,False,False,False,False,False,False,True,False
2025-11-20,PROD_002,Adidas Ultraboost 23,Running,Zapatillas Running,135,True,,135.0,,True,115.81,114.69,123.37,,,,2025,11,November,20,Thursday,3,False,False,,True,4,47,False,False,False,False,False,False,False,,,,,,,,,0.0,,,Adidas Ultraboost 23,Running,Zapatillas Running,False,True,False,False,False,False,False,False,False,False,False,False,False,False,False,False,False,False,False,False,False,False,False,False,False,False,True,False,False,False,False,False,False,False,False,False,False,False,False,False,False,False,True,False
2025-11-21,PROD_002,Adidas Ultraboost 23,Running,Zapatillas Running,135,True,,135.0,,True,119.59,123.49,126.37,,,,2025,11,November,21,Friday,4,False,False,,True,4,47,False,False,False,False,False,False,False,,,,,,,,,0.0,,,Adidas Ultraboost 23,Running,Zapatillas Running,False,True,False,False,False,False,False,False,False,False,False,False,False,False,False,False,False,False,False,False,False,False,False,False,False,False,True,False,False,False,False,False,False,False,False,False,False,False,False,False,False,False,True,False
2025-11-22,PROD_002,Adidas Ultraboost 23,Running,Zapatillas Running,135,True,,135.0,,True,116.57,116.86,126.41,,,,2025,11,November,22,Saturday,5,True,False,,False,4,47,False,False,False,False,False,False,False,,,,,,,,,0.0,,,Adidas Ultraboost 23,Running,Zapatillas Running,False,True,False,False,False,False,False,False,False,False,False,False,False,False,False,False,False,False,False,False,False,False,False,False,False,False,True,False,False,False,False,False,False,False,False,False,False,False,False,False,False,False,True,False
2025-11-23,PROD_002,Adidas Ultraboost 23,Running,Zapatillas Running,135,True,,135.0,,True,121.18,107.98,136.76,,,,2025,11,November,23,Sunday,6,True,False,,False,4,47,False,False,False,False,False,False,False,,,,,,,,,0.0,,,Adidas Ultraboost 23,Running,Zapatillas Running,False,True,False,False,False,False,False,False,False,False,False,False,False,False,False,False,False,False,False,False,False,False,False,False,False,False,True,False,False,False,False,False,False,False,False,False,False,False,False,False,False,False,True,False
2025-11-24,PROD_002,Adidas Ultraboost 23,Running,Zapatillas Running,135,True,,135.0,,True,116.88,108.61,114.06,,,,2025,11,November,24,Monday,0,False,False,,True,4,48,False,False,False,False,False,False,True,,,,,,,,,0.0,,,Adidas Ultraboost 23,Running,Zapatillas Running,False,True,False,False,False,False,False,False,False,False,False,False,False,False,False,False,False,False,False,False,False,False,False,False,False,False,True,False,False,False,False,False,False,False,False,False,False,False,False,False,False,False,True,False
2025-11-25,PROD_002,Adidas Ultraboost 23,Running,Zapatillas Running,135,True,,135.0,,True,131.62,114.54,124.42,,,,2025,11,November,25,Tuesday,1,False,False,,True,4,48,False,False,True,False,False,False,True,,,,,,,,,0.0,,,Adidas Ultraboost 23,Running,Zapatillas Running,False,True,False,False,False,False,False,False,False,False,False,False,False,False,False,False,False,False,False,False,False,False,False,False,False,False,True,False,False,False,False,False,False,False,False,False,False,False,False,False,False,False,True,False
2025-11-26,PROD_002,Adidas Ultraboost 23,Running,Zapatillas Running,135,True,,135.0,,True,114.75,108.06,135.22,,,,2025,11,November,26,Wednesday,2,False,False,,True,4,48,False,False,True,False,False,False,True,,,,,,,,,0.0,,,Adidas Ultraboost 23,Running,Zapatillas Running,False,True,False,False,False,False,False,False,False,False,False,False,False,False,False,False,False,False,False,False,False,False,False,False,False,False,True,False,False,False,False,False,False,False,False,False,False,False,False,False,False,False,True,False
2025-11-27,PROD_002,Adidas Ultraboost 23,Running,Zapatillas Running,135,True,,135.0,,True,121.46,107.29,130.07,,,,2025,11,November,27,Thursday,3,False,False,,True,4,48,False,False,True,False,False,False,True,,,,,,,,,0.0,,,Adidas Ultraboost 23,Running,Zapatillas Running,False,True,False,False,False,False,False,False,False,False,False,False,False,False,False,False,False,False,False,False,False,False,False,False,False,False,True,False,False,False,False,False,False,False,False,False,False,False,False,False,False,False,True,False
2025-11-28,PROD_002,Adidas Ultraboost 23,Running,Zapatillas Running,135,True,,114.75,,True,116.78,108.83,120.26,,,,2025,11,November,28,Friday,4,False,False,,True,4,48,False,False,True,False,True,False,True,,,,,,,,,-15.0,,,Adidas Ultraboost 23,Running,Zapatillas Running,False,True,False,False,False,False,False,False,False,False,False,False,False,False,False,False,False,False,False,False,False,False,False,False,False,False,True,False,False,False,False,False,False,False,False,False,False,False,False,False,False,False,True,False
2025-11-29,PROD_002,Adidas Ultraboost 23,Running,Zapatillas Running,135,True,,135.0,,True,129.59,119.82,112.9,,,,2025,11,November,29,Saturday,5,True,False,,False,4,48,False,False,True,False,False,False,True,,,,,,,,,0.0,,,Adidas Ultraboost 23,Running,Zapatillas Running,False,True,False,False,False,False,False,False,False,False,False,False,False,False,False,False,False,False,False,False,False,False,False,False,False,False,True,False,False,False,False,False,False,False,False,False,False,False,False,False,False,False,True,False
2025-11-30,PROD_002,Adidas Ultraboost 23,Running,Zapatillas Running,135,True,,135.0,,True,123.73,111.02,125.09,,,,2025,11,November,30,Sunday,6,True,False,,False,4,48,False,False,True,True,False,False,True,,,,,,,,,0.0,,,Adidas Ultraboost 23,Running,Zapatillas Running,False,True,False,False,False,False,False,False,False,False,False,False,False,False,False,False,False,False,False,False,False,False,False,False,False,False,True,False,False,False,False,False,False,False,False,False,False,False,False,False,False,False,True,False
2025-11-01,PROD_003,Asics Gel Nimbus 25,Running,Zapatillas Running,85,False,,86.39,,True,88.64,74.21,85.22,,,,2025,11,November,1,Saturday,5,True,False,,False,4,44,True,True,False,False,False,False,False,2.0,4.0,8.0,6.0,3.0,5.0,5.0,,1.6352941176470595,,,Asics Gel Nimbus 25,Running,Zapatillas Running,False,False,True,False,False,False,False,False,False,False,False,False,False,False,False,False,False,False,False,False,False,False,False,False,False,False,True,False,False,False,False,False,False,False,False,False,False,False,False,False,False,False,True,False
2025-11-02,PROD_003,Asics Gel Nimbus 25,Running,Zapatillas Running,85,False,,85.16,,True,76.03,78.17,87.39,,,,2025,11,November,2,Sunday,6,True,False,,False,4,44,True,False,False,False,False,False,False,,2.0,4.0,8.0,6.0,3.0,5.0,,0.18823529411764306,,,Asics Gel Nimbus 25,Running,Zapatillas Running,False,False,True,False,False,False,False,False,False,False,False,False,False,False,False,False,False,False,False,False,False,False,False,False,False,False,True,False,False,False,False,False,False,False,False,False,False,False,False,False,False,False,True,False
2025-11-03,PROD_003,Asics Gel Nimbus 25,Running,Zapatillas Running,85,False,,86.43,,True,84.38,76.74,79.77,,,,2025,11,November,3,Monday,0,False,False,,True,4,45,True,False,False,False,False,False,False,,,2.0,4.0,8.0,6.0,3.0,,1.6823529411764786,,,Asics Gel Nimbus 25,Running,Zapatillas Running,False,False,True,False,False,False,False,False,False,False,False,False,False,False,False,False,False,False,False,False,False,False,False,False,False,False,True,False,False,False,False,False,False,False,False,False,False,False,False,False,False,False,True,False
2025-11-04,PROD_003,Asics Gel Nimbus 25,Running,Zapatillas Running,85,False,,86.12,,True,81.64,73.86,81.7,,,,2025,11,November,4,Tuesday,1,False,False,,True,4,45,True,False,False,False,False,False,False,,,,2.0,4.0,8.0,6.0,,1.317647058823535,,,Asics Gel Nimbus 25,Running,Zapatillas Running,False,False,True,False,False,False,False,False,False,False,False,False,False,False,False,False,False,False,False,False,False,False,False,False,False,False,True,False,False,False,False,False,False,False,False,False,False,False,False,False,False,False,True,False
2025-11-05,PROD_003,Asics Gel Nimbus 25,Running,Zapatillas Running,85,False,,85.15,,True,86.38,76.51,82.36,,,,2025,11,November,5,Wednesday,2,False,False,,True,4,45,True,False,False,False,False,False,False,,,,,2.0,4.0,8.0,,0.1764705882353008,,,Asics Gel Nimbus 25,Running,Zapatillas Running,False,False,True,False,False,False,False,False,False,False,False,False,False,False,False,False,False,False,False,False,False,False,False,False,False,False,True,False,False,False,False,False,False,False,False,False,False,False,False,False,False,False,True,False
2025-11-06,PROD_003,Asics Gel Nimbus 25,Running,Zapatillas Running,85,False,,83.32,,True,87.68,79.18,87.41,,,,2025,11,November,6,Thursday,3,False,False,,True,4,45,True,False,False,False,False,False,False,,,,,,2.0,4.0,,-1.9764705882353022,,,Asics Gel Nimbus 25,Running,Zapatillas Running,False,False,True,False,False,False,False,False,False,False,False,False,False,False,False,False,False,False,False,False,False,False,False,False,False,False,True,False,False,False,False,False,False,False,False,False,False,False,False,False,False,False,True,False
2025-11-07,PROD_003,Asics Gel Nimbus 25,Running,Zapatillas Running,85,False,,85.78,,True,81.1,76.72,85.61,,,,2025,11,November,7,Friday,4,False,False,,True,4,45,True,False,False,False,False,False,False,,,,,,,2.0,,0.9176470588235307,,,Asics Gel Nimbus 25,Running,Zapatillas Running,False,False,True,False,False,False,False,False,False,False,False,False,False,False,False,False,False,False,False,False,False,False,False,False,False,False,True,False,False,False,False,False,False,False,False,False,False,False,False,False,False,False,True,False
2025-11-08,PROD_003,Asics Gel Nimbus 25,Running,Zapatillas Running,85,False,,84.43,,True,89.33,77.08,83.22,,,,2025,11,November,8,Saturday,5,True,False,,False,4,45,False,False,False,False,False,False,False,,,,,,,,,-0.6705882352941096,,,Asics Gel Nimbus 25,Running,Zapatillas Running,False,False,True,False,False,False,False,False,False,False,False,False,False,False,False,False,False,False,False,False,False,False,False,False,False,False,True,False,False,False,False,False,False,False,False,False,False,False,False,False,False,False,True,False
2025-11-09,PROD_003,Asics Gel Nimbus 25,Running,Zapatillas Running,85,False,,84.41,,True,88.59,81.31,84.31,,,,2025,11,November,9,Sunday,6,True,False,,False,4,45,False,False,False,False,False,False,False,,,,,,,,,-0.6941176470588275,,,Asics Gel Nimbus 25,Running,Zapatillas Running,False,False,True,False,False,False,False,False,False,False,False,False,False,False,False,False,False,False,False,False,False,False,False,False,False,False,True,False,False,False,False,False,False,False,False,False,False,False,False,False,False,False,True,False
2025-11-10,PROD_003,Asics Gel Nimbus 25,Running,Zapatillas Running,85,False,,83.71,,True,89.46,80.25,87.11,,,,2025,11,November,10,Monday,0,False,False,,True,4,46,False,False,False,False,False,False,False,,,,,,,,,-1.5176470588235367,,,Asics Gel Nimbus 25,Running,Zapatillas Running,False,False,True,False,False,False,False,False,False,False,False,False,False,False,False,False,False,False,False,False,False,False,False,False,False,False,True,False,False,False,False,False,False,False,False,False,False,False,False,False,False,False,True,False
2025-11-11,PROD_003,Asics Gel Nimbus 25,Running,Zapatillas Running,85,False,,85.21,,True,84.74,81.89,76.09,,,,2025,11,November,11,Tuesday,1,False,False,,True,4,46,False,False,False,False,False,False,False,,,,,,,,,0.2470588235294044,,,Asics Gel Nimbus 25,Running,Zapatillas Running,False,False,True,False,False,False,False,False,False,False,False,False,False,False,False,False,False,False,False,False,False,False,False,False,False,False,True,False,False,False,False,False,False,False,False,False,False,False,False,False,False,False,True,False
2025-11-12,PROD_003,Asics Gel Nimbus 25,Running,Zapatillas Running,85,False,,83.39,,True,88.63,73.66,87.9,,,,2025,11,November,12,Wednesday,2,False,False,,True,4,46,False,False,False,False,False,False,False,,,,,,,,,-1.8941176470588228,,,Asics Gel Nimbus 25,Running,Zapatillas Running,False,False,True,False,False,False,False,False,False,False,False,False,False,False,False,False,False,False,False,False,False,False,False,False,False,False,True,False,False,False,False,False,False,False,False,False,False,False,False,False,False,False,True,False
2025-11-13,PROD_003,Asics Gel Nimbus 25,Running,Zapatillas Running,85,False,,85.03,,True,83.91,78.56,89.31,,,,2025,11,November,13,Thursday,3,False,False,,True,4,46,False,False,False,False,False,False,False,,,,,,,,,0.03529411764706016,,,Asics Gel Nimbus 25,Running,Zapatillas Running,False,False,True,False,False,False,False,False,False,False,False,False,False,False,False,False,False,False,False,False,False,False,False,False,False,False,True,False,False,False,False,False,False,False,False,False,False,False,False,False,False,False,True,False
2025-11-14,PROD_003,Asics Gel Nimbus 25,Running,Zapatillas Running,85,False,,84.08,,True,82.56,76.99,83.17,,,,2025,11,November,14,Friday,4,False,False,,True,4,46,False,False,False,False,False,False,False,,,,,,,,,-1.0823529411764727,,,Asics Gel Nimbus 25,Running,Zapatillas Running,False,False,True,False,False,False,False,False,False,False,False,False,False,False,False,False,False,False,False,False,False,False,False,False,False,False,True,False,False,False,False,False,False,False,False,False,False,False,False,False,False,False,True,False
2025-11-15,PROD_003,Asics Gel Nimbus 25,Running,Zapatillas Running,85,False,,83.85,,True,89.06,78.48,82.83,,,,2025,11,November,15,Saturday,5,True,False,,False,4,46,False,False,False,False,False,False,False,,,,,,,,,-1.352941176470595,,,Asics Gel Nimbus 25,Running,Zapatillas Running,False,False,True,False,False,False,False,False,False,False,False,False,False,False,False,False,False,False,False,False,False,False,False,False,False,False,True,False,False,False,False,False,False,False,False,False,False,False,False,False,False,False,True,False
2025-11-16,PROD_003,Asics Gel Nimbus 25,Running,Zapatillas Running,85,False,,86.33,,True,87.23,81.35,85.11,,,,2025,11,November,16,Sunday,6,True,False,,False,4,46,False,False,False,False,False,False,False,,,,,,,,,1.5647058823529392,,,Asics Gel Nimbus 25,Running,Zapatillas Running,False,False,True,False,False,False,False,False,False,False,False,False,False,False,False,False,False,False,False,False,False,False,False,False,False,False,True,False,False,False,False,False,False,False,False,False,False,False,False,False,False,False,True,False
2025-11-17,PROD_003,Asics Gel Nimbus 25,Running,Zapatillas Running,85,False,,86.35,,True,81.73,76.67,83.28,,,,2025,11,November,17,Monday,0,False,False,,True,4,47,False,False,False,False,False,False,False,,,,,,,,,1.5882352941176403,,,Asics Gel Nimbus 25,Running,Zapatillas Running,False,False,True,False,False,False,False,False,False,False,False,False,False,False,False,False,False,False,False,False,False,False,False,False,False,False,True,False,False,False,False,False,False,False,False,False,False,False,False,False,False,False,True,False
2025-11-18,PROD_003,Asics Gel Nimbus 25,Running,Zapatillas Running,85,False,,86.08,,True,78.27,70.25,85.66,,,,2025,11,November,18,Tuesday,1,False,False,,True,4,47,False,False,False,False,False,False,False,,,,,,,,,1.2705882352941158,,,Asics Gel Nimbus 25,Running,Zapatillas Running,False,False,True,False,False,False,False,False,False,False,False,False,False,False,False,False,False,False,False,False,False,False,False,False,False,False,True,False,False,False,False,False,False,False,False,False,False,False,False,False,False,False,True,False
2025-11-19,PROD_003,Asics Gel Nimbus 25,Running,Zapatillas Running,85,False,,84.06,,True,83.35,75.36,84.02,,,,2025,11,November,19,Wednesday,2,False,False,,True,4,47,False,False,False,False,False,False,False,,,,,,,,,-1.1058823529411737,,,Asics Gel Nimbus 25,Running,Zapatillas Running,False,False,True,False,False,False,False,False,False,False,False,False,False,False,False,False,False,False,False,False,False,False,False,False,False,False,True,False,False,False,False,False,False,False,False,False,False,False,False,False,False,False,True,False
2025-11-20,PROD_003,Asics Gel Nimbus 25,Running,Zapatillas Running,85,False,,85.06,,True,86.74,74.97,89.07,,,,2025,11,November,20,Thursday,3,False,False,,True,4,47,False,False,False,False,False,False,False,,,,,,,,,0.07058823529412032,,,Asics Gel Nimbus 25,Running,Zapatillas Running,False,False,True,False,False,False,False,False,False,False,False,False,False,False,False,False,False,False,False,False,False,False,False,False,False,False,True,False,False,False,False,False,False,False,False,False,False,False,False,False,False,False,True,False
2025-11-21,PROD_003,Asics Gel Nimbus 25,Running,Zapatillas Running,85,False,,86.6,,True,76.21,77.5,84.74,,,,2025,11,November,21,Friday,4,False,False,,True,4,47,False,False,False,False,False,False,False,,,,,,,,,1.882352941176464,,,Asics Gel Nimbus 25,Running,Zapatillas Running,False,False,True,False,False,False,False,False,False,False,False,False,False,False,False,False,False,False,False,False,False,False,False,False,False,False,True,False,False,False,False,False,False,False,False,False,False,False,False,False,False,False,True,False
2025-11-22,PROD_003,Asics Gel Nimbus 25,Running,Zapatillas Running,85,False,,83.48,,True,96.07,78.89,83.71,,,,2025,11,November,22,Saturday,5,True,False,,False,4,47,False,False,False,False,False,False,False,,,,,,,,,-1.7882352941176423,,,Asics Gel Nimbus 25,Running,Zapatillas Running,False,False,True,False,False,False,False,False,False,False,False,False,False,False,False,False,False,False,False,False,False,False,False,False,False,False,True,False,False,False,False,False,False,False,False,False,False,False,False,False,False,False,True,False
2025-11-23,PROD_003,Asics Gel Nimbus 25,Running,Zapatillas Running,85,False,,84.11,,True,84.75,74.35,88.23,,,,2025,11,November,23,Sunday,6,True,False,,False,4,47,False,False,False,False,False,False,False,,,,,,,,,-1.0470588235294125,,,Asics Gel Nimbus 25,Running,Zapatillas Running,False,False,True,False,False,False,False,False,False,False,False,False,False,False,False,False,False,False,False,False,False,False,False,False,False,False,True,False,False,False,False,False,False,False,False,False,False,False,False,False,False,False,True,False
2025-11-24,PROD_003,Asics Gel Nimbus 25,Running,Zapatillas Running,85,False,,84.11,,True,88.32,75.36,89.01,,,,2025,11,November,24,Monday,0,False,False,,True,4,48,False,False,False,False,False,False,True,,,,,,,,,-1.0470588235294125,,,Asics Gel Nimbus 25,Running,Zapatillas Running,False,False,True,False,False,False,False,False,False,False,False,False,False,False,False,False,False,False,False,False,False,False,False,False,False,False,True,False,False,False,False,False,False,False,False,False,False,False,False,False,False,False,True,False
2025-11-25,PROD_003,Asics Gel Nimbus 25,Running,Zapatillas Running,85,False,,85.45,,True,87.57,83.61,81.35,,,,2025,11,November,25,Tuesday,1,False,False,,True,4,48,False,False,True,False,False,False,True,,,,,,,,,0.5294117647058857,,,Asics Gel Nimbus 25,Running,Zapatillas Running,False,False,True,False,False,False,False,False,False,False,False,False,False,False,False,False,False,False,False,False,False,False,False,False,False,False,True,False,False,False,False,False,False,False,False,False,False,False,False,False,False,False,True,False
2025-11-26,PROD_003,Asics Gel Nimbus 25,Running,Zapatillas Running,85,False,,83.44,,True,82.34,82.28,87.36,,,,2025,11,November,26,Wednesday,2,False,False,,True,4,48,False,False,True,False,False,False,True,,,,,,,,,-1.8352941176470614,,,Asics Gel Nimbus 25,Running,Zapatillas Running,False,False,True,False,False,False,False,False,False,False,False,False,False,False,False,False,False,False,False,False,False,False,False,False,False,False,True,False,False,False,False,False,False,False,False,False,False,False,False,False,False,False,True,False
2025-11-27,PROD_003,Asics Gel Nimbus 25,Running,Zapatillas Running,85,False,,83.36,,True,77.88,77.76,81.12,,,,2025,11,November,27,Thursday,3,False,False,,True,4,48,False,False,True,False,False,False,True,,,,,,,,,-1.929411764705883,,,Asics Gel Nimbus 25,Running,Zapatillas Running,False,False,True,False,False,False,False,False,False,False,False,False,False,False,False,False,False,False,False,False,False,False,False,False,False,False,True,False,False,False,False,False,False,False,False,False,False,False,False,False,False,False,True,False
2025-11-28,PROD_003,Asics Gel Nimbus 25,Running,Zapatillas Running,85,False,,72.25,,True,85.09,74.81,80.79,,,,2025,11,November,28,Friday,4,False,False,,True,4,48,False,False,True,False,True,False,True,,,,,,,,,-15.0,,,Asics Gel Nimbus 25,Running,Zapatillas Running,False,False,True,False,False,False,False,False,False,False,False,False,False,False,False,False,False,False,False,False,False,False,False,False,False,False,True,False,False,False,False,False,False,False,False,False,False,False,False,False,False,False,True,False
2025-11-29,PROD_003,Asics Gel Nimbus 25,Running,Zapatillas Running,85,False,,83.69,,True,80.89,79.81,80.57,,,,2025,11,November,29,Saturday,5,True,False,,False,4,48,False,False,True,False,False,False,True,,,,,,,,,-1.541176470588238,,,Asics Gel Nimbus 25,Running,Zapatillas Running,False,False,True,False,False,False,False,False,False,False,False,False,False,False,False,False,False,False,False,False,False,False,False,False,False,False,True,False,False,False,False,False,False,False,False,False,False,False,False,False,False,False,True,False
2025-11-30,PROD_003,Asics Gel Nimbus 25,Running,Zapatillas Running,85,False,,86.08,,True,91.09,84.57,83.5,,,,2025,11,November,30,Sunday,6,True,False,,False,4,48,False,False,True,True,False,False,True,,,,,,,,,1.2705882352941158,,,Asics Gel Nimbus 25,Running,Zapatillas Running,False,False,True,False,False,False,False,False,False,False,False,False,False,False,False,False,False,False,False,False,False,False,False,False,False,False,True,False,False,False,False,False,False,False,False,False,False,False,False,False,False,False,True,False
2025-11-01,PROD_004,New Balance Fresh Foam X 1080v12,Running,Zapatillas Running,75,False,,74.09,,True,85.42,65.98,76.98,,,,2025,11,November,1,Saturday,5,True,False,,False,4,44,True,True,False,False,False,False,False,3.0,9.0,1.0,5.0,6.0,1.0,3.0,,-1.2133333333333287,,,New Balance Fresh Foam X 1080v12,Running,Zapatillas Running,False,False,False,False,False,False,False,False,False,False,False,False,False,True,False,False,False,False,False,False,False,False,False,False,False,False,True,False,False,False,False,False,False,False,False,False,False,False,False,False,False,False,True,False
2025-11-02,PROD_004,New Balance Fresh Foam X 1080v12,Running,Zapatillas Running,75,False,,73.57,,True,70.19,69.57,73.81,,,,2025,11,November,2,Sunday,6,True,False,,False,4,44,True,False,False,False,False,False,False,,3.0,9.0,1.0,5.0,6.0,1.0,,-1.9066666666666756,,,New Balance Fresh Foam X 1080v12,Running,Zapatillas Running,False,False,False,False,False,False,False,False,False,False,False,False,False,True,False,False,False,False,False,False,False,False,False,False,False,False,True,False,False,False,False,False,False,False,False,False,False,False,False,False,False,False,True,False
2025-11-03,PROD_004,New Balance Fresh Foam X 1080v12,Running,Zapatillas Running,75,False,,73.55,,True,77.36,68.06,76.36,,,,2025,11,November,3,Monday,0,False,False,,True,4,45,True,False,False,False,False,False,False,,,3.0,9.0,1.0,5.0,6.0,,-1.9333333333333373,,,New Balance Fresh Foam X 1080v12,Running,Zapatillas Running,False,False,False,False,False,False,False,False,False,False,False,False,False,True,False,False,False,False,False,False,False,False,False,False,False,False,True,False,False,False,False,False,False,False,False,False,False,False,False,False,False,False,True,False
2025-11-04,PROD_004,New Balance Fresh Foam X 1080v12,Running,Zapatillas Running,75,False,,76.4,,True,71.09,64.61,73.22,,,,2025,11,November,4,Tuesday,1,False,False,,True,4,45,True,False,False,False,False,False,False,,,,3.0,9.0,1.0,5.0,,1.866666666666674,,,New Balance Fresh Foam X 1080v12,Running,Zapatillas Running,False,False,False,False,False,False,False,False,False,False,False,False,False,True,False,False,False,False,False,False,False,False,False,False,False,False,True,False,False,False,False,False,False,False,False,False,False,False,False,False,False,False,True,False
2025-11-05,PROD_004,New Balance Fresh Foam X 1080v12,Running,Zapatillas Running,75,False,,74.01,,True,77.93,70.14,74.65,,,,2025,11,November,5,Wednesday,2,False,False,,True,4,45,True,False,False,False,False,False,False,,,,,3.0,9.0,1.0,,-1.3199999999999932,,,New Balance Fresh Foam X 1080v12,Running,Zapatillas Running,False,False,False,False,False,False,False,False,False,False,False,False,False,True,False,False,False,False,False,False,False,False,False,False,False,False,True,False,False,False,False,False,False,False,False,False,False,False,False,False,False,False,True,False
2025-11-06,PROD_004,New Balance Fresh Foam X 1080v12,Running,Zapatillas Running,75,False,,75.59,,True,70.94,68.76,74.56,,,,2025,11,November,6,Thursday,3,False,False,,True,4,45,True,False,False,False,False,False,False,,,,,,3.0,9.0,,0.7866666666666713,,,New Balance Fresh Foam X 1080v12,Running,Zapatillas Running,False,False,False,False,False,False,False,False,False,False,False,False,False,True,False,False,False,False,False,False,False,False,False,False,False,False,True,False,False,False,False,False,False,False,False,False,False,False,False,False,False,False,True,False
2025-11-07,PROD_004,New Balance Fresh Foam X 1080v12,Running,Zapatillas Running,75,False,,76.13,,True,69.9,70.54,77.22,,,,2025,11,November,7,Friday,4,False,False,,True,4,45,True,False,False,False,False,False,False,,,,,,,3.0,,1.5066666666666606,,,New Balance Fresh Foam X 1080v12,Running,Zapatillas Running,False,False,False,False,False,False,False,False,False,False,False,False,False,True,False,False,False,False,False,False,False,False,False,False,False,False,True,False,False,False,False,False,False,False,False,False,False,False,False,False,False,False,True,False
2025-11-08,PROD_004,New Balance Fresh Foam X 1080v12,Running,Zapatillas Running,75,False,,75.61,,True,68.96,66.04,75.76,,,,2025,11,November,8,Saturday,5,True,False,,False,4,45,False,False,False,False,False,False,False,,,,,,,,,0.8133333333333326,,,New Balance Fresh Foam X 1080v12,Running,Zapatillas Running,False,False,False,False,False,False,False,False,False,False,False,False,False,True,False,False,False,False,False,False,False,False,False,False,False,False,True,False,False,False,False,False,False,False,False,False,False,False,False,False,False,False,True,False
2025-11-09,PROD_004,New Balance Fresh Foam X 1080v12,Running,Zapatillas Running,75,False,,76.1,,True,76.56,68.43,76.7,,,,2025,11,November,9,Sunday,6,True,False,,False,4,45,False,False,False,False,False,False,False,,,,,,,,,1.466666666666659,,,New Balance Fresh Foam X 1080v12,Running,Zapatillas Running,False,False,False,False,False,False,False,False,False,False,False,False,False,True,False,False,False,False,False,False,False,False,False,False,False,False,True,False,False,False,False,False,False,False,False,False,False,False,False,False,False,False,True,False
2025-11-10,PROD_004,New Balance Fresh Foam X 1080v12,Running,Zapatillas Running,75,False,,75.0,,True,76.79,71.2,76.92,,,,2025,11,November,10,Monday,0,False,False,,True,4,46,False,False,False,False,False,False,False,,,,,,,,,0.0,,,New Balance Fresh Foam X 1080v12,Running,Zapatillas Running,False,False,False,False,False,False,False,False,False,False,False,False,False,True,False,False,False,False,False,False,False,False,False,False,False,False,True,False,False,False,False,False,False,False,False,False,False,False,False,False,False,False,True,False
2025-11-11,PROD_004,New Balance Fresh Foam X 1080v12,Running,Zapatillas Running,75,False,,76.17,,True,77.11,65.51,70.44,,,,2025,11,November,11,Tuesday,1,False,False,,True,4,46,False,False,False,False,False,False,False,,,,,,,,,1.5600000000000023,,,New Balance Fresh Foam X 1080v12,Running,Zapatillas Running,False,False,False,False,False,False,False,False,False,False,False,False,False,True,False,False,False,False,False,False,False,False,False,False,False,False,True,False,False,False,False,False,False,False,False,False,False,False,False,False,False,False,True,False
2025-11-12,PROD_004,New Balance Fresh Foam X 1080v12,Running,Zapatillas Running,75,False,,73.78,,True,72.54,68.58,80.51,,,,2025,11,November,12,Wednesday,2,False,False,,True,4,46,False,False,False,False,False,False,False,,,,,,,,,-1.6266666666666652,,,New Balance Fresh Foam X 1080v12,Running,Zapatillas Running,False,False,False,False,False,False,False,False,False,False,False,False,False,True,False,False,False,False,False,False,False,False,False,False,False,False,True,False,False,False,False,False,False,False,False,False,False,False,False,False,False,False,True,False
2025-11-13,PROD_004,New Balance Fresh Foam X 1080v12,Running,Zapatillas Running,75,False,,74.36,,True,66.99,67.34,74.61,,,,2025,11,November,13,Thursday,3,False,False,,True,4,46,False,False,False,False,False,False,False,,,,,,,,,-0.853333333333334,,,New Balance Fresh Foam X 1080v12,Running,Zapatillas Running,False,False,False,False,False,False,False,False,False,False,False,False,False,True,False,False,False,False,False,False,False,False,False,False,False,False,True,False,False,False,False,False,False,False,False,False,False,False,False,False,False,False,True,False
2025-11-14,PROD_004,New Balance Fresh Foam X 1080v12,Running,Zapatillas Running,75,False,,73.61,,True,72.6,71.08,74.57,,,,2025,11,November,14,Friday,4,False,False,,True,4,46,False,False,False,False,False,False,False,,,,,,,,,-1.8533333333333342,,,New Balance Fresh Foam X 1080v12,Running,Zapatillas Running,False,False,False,False,False,False,False,False,False,False,False,False,False,True,False,False,False,False,False,False,False,False,False,False,False,False,True,False,False,False,False,False,False,False,False,False,False,False,False,False,False,False,True,False
2025-11-15,PROD_004,New Balance Fresh Foam X 1080v12,Running,Zapatillas Running,75,False,,75.81,,True,70.16,69.74,71.05,,,,2025,11,November,15,Saturday,5,True,False,,False,4,46,False,False,False,False,False,False,False,,,,,,,,,1.080000000000003,,,New Balance Fresh Foam X 1080v12,Running,Zapatillas Running,False,False,False,False,False,False,False,False,False,False,False,False,False,True,False,False,False,False,False,False,False,False,False,False,False,False,True,False,False,False,False,False,False,False,False,False,False,False,False,False,False,False,True,False
2025-11-16,PROD_004,New Balance Fresh Foam X 1080v12,Running,Zapatillas Running,75,False,,73.76,,True,74.68,66.75,80.06,,,,2025,11,November,16,Sunday,6,True,False,,False,4,46,False,False,False,False,False,False,False,,,,,,,,,-1.6533333333333264,,,New Balance Fresh Foam X 1080v12,Running,Zapatillas Running,False,False,False,False,False,False,False,False,False,False,False,False,False,True,False,False,False,False,False,False,False,False,False,False,False,False,True,False,False,False,False,False,False,False,False,False,False,False,False,False,False,False,True,False
2025-11-17,PROD_004,New Balance Fresh Foam X 1080v12,Running,Zapatillas Running,75,False,,75.68,,True,77.04,68.41,75.57,,,,2025,11,November,17,Monday,0,False,False,,True,4,47,False,False,False,False,False,False,False,,,,,,,,,0.9066666666666757,,,New Balance Fresh Foam X 1080v12,Running,Zapatillas Running,False,False,False,False,False,False,False,False,False,False,False,False,False,True,False,False,False,False,False,False,False,False,False,False,False,False,True,False,False,False,False,False,False,False,False,False,False,False,False,False,False,False,True,False
2025-11-18,PROD_004,New Balance Fresh Foam X 1080v12,Running,Zapatillas Running,75,False,,74.47,,True,71.84,70.49,72.31,,,,2025,11,November,18,Tuesday,1,False,False,,True,4,47,False,False,False,False,False,False,False,,,,,,,,,-0.7066666666666682,,,New Balance Fresh Foam X 1080v12,Running,Zapatillas Running,False,False,False,False,False,False,False,False,False,False,False,False,False,True,False,False,False,False,False,False,False,False,False,False,False,False,True,False,False,False,False,False,False,False,False,False,False,False,False,False,False,False,True,False
2025-11-19,PROD_004,New Balance Fresh Foam X 1080v12,Running,Zapatillas Running,75,False,,73.58,,True,74.03,66.45,78.79,,,,2025,11,November,19,Wednesday,2,False,False,,True,4,47,False,False,False,False,False,False,False,,,,,,,,,-1.8933333333333358,,,New Balance Fresh Foam X 1080v12,Running,Zapatillas Running,False,False,False,False,False,False,False,False,False,False,False,False,False,True,False,False,False,False,False,False,False,False,False,False,False,False,True,False,False,False,False,False,False,False,False,False,False,False,False,False,False,False,True,False
2025-11-20,PROD_004,New Balance Fresh Foam X 1080v12,Running,Zapatillas Running,75,False,,74.02,,True,72.59,66.75,79.06,,,,2025,11,November,20,Thursday,3,False,False,,True,4,47,False,False,False,False,False,False,False,,,,,,,,,-1.306666666666672,,,New Balance Fresh Foam X 1080v12,Running,Zapatillas Running,False,False,False,False,False,False,False,False,False,False,False,False,False,True,False,False,False,False,False,False,False,False,False,False,False,False,True,False,False,False,False,False,False,False,False,False,False,False,False,False,False,False,True,False
2025-11-21,PROD_004,New Balance Fresh Foam X 1080v12,Running,Zapatillas Running,75,False,,75.48,,True,76.12,69.31,78.76,,,,2025,11,November,21,Friday,4,False,False,,True,4,47,False,False,False,False,False,False,False,,,,,,,,,0.6400000000000053,,,New Balance Fresh Foam X 1080v12,Running,Zapatillas Running,False,False,False,False,False,False,False,False,False,False,False,False,False,True,False,False,False,False,False,False,False,False,False,False,False,False,True,False,False,False,False,False,False,False,False,False,False,False,False,False,False,False,True,False
2025-11-22,PROD_004,New Balance Fresh Foam X 1080v12,Running,Zapatillas Running,75,False,,75.34,,True,68.39,67.17,77.75,,,,2025,11,November,22,Saturday,5,True,False,,False,4,47,False,False,False,False,False,False,False,,,,,,,,,0.45333333333333786,,,New Balance Fresh Foam X 1080v12,Running,Zapatillas Running,False,False,False,False,False,False,False,False,False,False,False,False,False,True,False,False,False,False,False,False,False,False,False,False,False,False,True,False,False,False,False,False,False,False,False,False,False,False,False,False,False,False,True,False
2025-11-23,PROD_004,New Balance Fresh Foam X 1080v12,Running,Zapatillas Running,75,False,,73.54,,True,71.65,67.78,79.34,,,,2025,11,November,23,Sunday,6,True,False,,False,4,47,False,False,False,False,False,False,False,,,,,,,,,-1.9466666666666583,,,New Balance Fresh Foam X 1080v12,Running,Zapatillas Running,False,False,False,False,False,False,False,False,False,False,False,False,False,True,False,False,False,False,False,False,False,False,False,False,False,False,True,False,False,False,False,False,False,False,False,False,False,False,False,False,False,False,True,False
2025-11-24,PROD_004,New Balance Fresh Foam X 1080v12,Running,Zapatillas Running,75,False,,73.79,,True,61.48,65.83,73.73,,,,2025,11,November,24,Monday,0,False,False,,True,4,48,False,False,False,False,False,False,True,,,,,,,,,-1.6133333333333248,,,New Balance Fresh Foam X 1080v12,Running,Zapatillas Running,False,False,False,False,False,False,False,False,False,False,False,False,False,True,False,False,False,False,False,False,False,False,False,False,False,False,True,False,False,False,False,False,False,False,False,False,False,False,False,False,False,False,True,False
2025-11-25,PROD_004,New Balance Fresh Foam X 1080v12,Running,Zapatillas Running,75,False,,74.7,,True,69.48,72.21,77.9,,,,2025,11,November,25,Tuesday,1,False,False,,True,4,48,False,False,True,False,False,False,True,,,,,,,,,-0.3999999999999962,,,New Balance Fresh Foam X 1080v12,Running,Zapatillas Running,False,False,False,False,False,False,False,False,False,False,False,False,False,True,False,False,False,False,False,False,False,False,False,False,False,False,True,False,False,False,False,False,False,False,False,False,False,False,False,False,False,False,True,False
2025-11-26,PROD_004,New Balance Fresh Foam X 1080v12,Running,Zapatillas Running,75,False,,73.64,,True,80.28,64.8,77.47,,,,2025,11,November,26,Wednesday,2,False,False,,True,4,48,False,False,True,False,False,False,True,,,,,,,,,-1.8133333333333324,,,New Balance Fresh Foam X 1080v12,Running,Zapatillas Running,False,False,False,False,False,False,False,False,False,False,False,False,False,True,False,False,False,False,False,False,False,False,False,False,False,False,True,False,False,False,False,False,False,False,False,False,False,False,False,False,False,False,True,False
2025-11-27,PROD_004,New Balance Fresh Foam X 1080v12,Running,Zapatillas Running,75,False,,75.48,,True,74.53,67.87,74.56,,,,2025,11,November,27,Thursday,3,False,False,,True,4,48,False,False,True,False,False,False,True,,,,,,,,,0.6400000000000053,,,New Balance Fresh Foam X 1080v12,Running,Zapatillas Running,False,False,False,False,False,False,False,False,False,False,False,False,False,True,False,False,False,False,False,False,False,False,False,False,False,False,True,False,False,False,False,False,False,False,False,False,False,False,False,False,False,False,True,False
2025-11-28,PROD_004,New Balance Fresh Foam X 1080v12,Running,Zapatillas Running,75,False,,63.75,,True,72.75,70.15,69.0,,,,2025,11,November,28,Friday,4,False,False,,True,4,48,False,False,True,False,True,False,True,,,,,,,,,-15.0,,,New Balance Fresh Foam X 1080v12,Running,Zapatillas Running,False,False,False,False,False,False,False,False,False,False,False,False,False,True,False,False,False,False,False,False,False,False,False,False,False,False,True,False,False,False,False,False,False,False,False,False,False,False,False,False,False,False,True,False
2025-11-29,PROD_004,New Balance Fresh Foam X 1080v12,Running,Zapatillas Running,75,False,,74.87,,True,77.25,68.55,75.56,,,,2025,11,November,29,Saturday,5,True,False,,False,4,48,False,False,True,False,False,False,True,,,,,,,,,-0.1733333333333273,,,New Balance Fresh Foam X 1080v12,Running,Zapatillas Running,False,False,False,False,False,False,False,False,False,False,False,False,False,True,False,False,False,False,False,False,False,False,False,False,False,False,True,False,False,False,False,False,False,False,False,False,False,False,False,False,False,False,True,False
2025-11-30,PROD_004,New Balance Fresh Foam X 1080v12,Running,Zapatillas Running,75,False,,76.22,,True,74.06,69.07,72.76,,,,2025,11,November,30,Sunday,6,True,False,,False,4,48,False,False,True,True,False,False,True,,,,,,,,,1.6266666666666652,,,New Balance Fresh Foam X 1080v12,Running,Zapatillas Running,False,False,False,False,False,False,False,False,False,False,False,False,False,True,False,False,False,False,False,False,False,False,False,False,False,False,True,False,False,False,False,False,False,False,False,False,False,False,False,False,False,False,True,False
2025-11-01,PROD_005,Nike Dri-FIT Miler,Running,Ropa Running,35,False,,34.76,,True,36.95,32.91,35.69,,,,2025,11,November,1,Saturday,5,True,False,,False,4,44,True,True,False,False,False,False,False,4.0,2.0,5.0,2.0,1.0,6.0,3.0,,-0.6857142857142914,,,Nike Dri-FIT Miler,Running,Ropa Running,False,False,False,False,False,False,False,False,False,False,False,False,False,False,False,True,False,False,False,False,False,False,False,False,False,False,True,False,False,False,False,False,False,False,False,False,False,False,False,False,False,True,False,False
2025-11-02,PROD_005,Nike Dri-FIT Miler,Running,Ropa Running,35,False,,34.43,,True,35.95,31.24,34.87,,,,2025,11,November,2,Sunday,6,True,False,,False,4,44,True,False,False,False,False,False,False,,4.0,2.0,5.0,2.0,1.0,6.0,,-1.6285714285714292,,,Nike Dri-FIT Miler,Running,Ropa Running,False,False,False,False,False,False,False,False,False,False,False,False,False,False,False,True,False,False,False,False,False,False,False,False,False,False,True,False,False,False,False,False,False,False,False,False,False,False,False,False,False,True,False,False
2025-11-03,PROD_005,Nike Dri-FIT Miler,Running,Ropa Running,35,False,,35.07,,True,36.61,31.86,33.8,,,,2025,11,November,3,Monday,0,False,False,,True,4,45,True,False,False,False,False,False,False,,,4.0,2.0,5.0,2.0,1.0,,0.20000000000000082,,,Nike Dri-FIT Miler,Running,Ropa Running,False,False,False,False,False,False,False,False,False,False,False,False,False,False,False,True,False,False,False,False,False,False,False,False,False,False,True,False,False,False,False,False,False,False,False,False,False,False,False,False,False,True,False,False
2025-11-04,PROD_005,Nike Dri-FIT Miler,Running,Ropa Running,35,False,,34.5,,True,34.17,32.71,36.65,,,,2025,11,November,4,Tuesday,1,False,False,,True,4,45,True,False,False,False,False,False,False,,,,4.0,2.0,5.0,2.0,,-1.4285714285714286,,,Nike Dri-FIT Miler,Running,Ropa Running,False,False,False,False,False,False,False,False,False,False,False,False,False,False,False,True,False,False,False,False,False,False,False,False,False,False,True,False,False,False,False,False,False,False,False,False,False,False,False,False,False,True,False,False
2025-11-05,PROD_005,Nike Dri-FIT Miler,Running,Ropa Running,35,False,,34.44,,True,35.23,31.45,34.26,,,,2025,11,November,5,Wednesday,2,False,False,,True,4,45,True,False,False,False,False,False,False,,,,,4.0,2.0,5.0,,-1.6000000000000065,,,Nike Dri-FIT Miler,Running,Ropa Running,False,False,False,False,False,False,False,False,False,False,False,False,False,False,False,True,False,False,False,False,False,False,False,False,False,False,True,False,False,False,False,False,False,False,False,False,False,False,False,False,False,True,False,False
2025-11-06,PROD_005,Nike Dri-FIT Miler,Running,Ropa Running,35,False,,34.42,,True,35.21,33.32,34.26,,,,2025,11,November,6,Thursday,3,False,False,,True,4,45,True,False,False,False,False,False,False,,,,,,4.0,2.0,,-1.6571428571428521,,,Nike Dri-FIT Miler,Running,Ropa Running,False,False,False,False,False,False,False,False,False,False,False,False,False,False,False,True,False,False,False,False,False,False,False,False,False,False,True,False,False,False,False,False,False,False,False,False,False,False,False,False,False,True,False,False
2025-11-07,PROD_005,Nike Dri-FIT Miler,Running,Ropa Running,35,False,,35.63,,True,33.42,31.78,35.28,,,,2025,11,November,7,Friday,4,False,False,,True,4,45,True,False,False,False,False,False,False,,,,,,,4.0,,1.8000000000000071,,,Nike Dri-FIT Miler,Running,Ropa Running,False,False,False,False,False,False,False,False,False,False,False,False,False,False,False,True,False,False,False,False,False,False,False,False,False,False,True,False,False,False,False,False,False,False,False,False,False,False,False,False,False,True,False,False
2025-11-08,PROD_005,Nike Dri-FIT Miler,Running,Ropa Running,35,False,,34.89,,True,37.55,31.68,34.87,,,,2025,11,November,8,Saturday,5,True,False,,False,4,45,False,False,False,False,False,False,False,,,,,,,,,-0.31428571428571267,,,Nike Dri-FIT Miler,Running,Ropa Running,False,False,False,False,False,False,False,False,False,False,False,False,False,False,False,True,False,False,False,False,False,False,False,False,False,False,True,False,False,False,False,False,False,False,False,False,False,False,False,False,False,True,False,False
2025-11-09,PROD_005,Nike Dri-FIT Miler,Running,Ropa Running,35,False,,34.96,,True,35.38,31.09,35.55,,,,2025,11,November,9,Sunday,6,True,False,,False,4,45,False,False,False,False,False,False,False,,,,,,,,,-0.11428571428571184,,,Nike Dri-FIT Miler,Running,Ropa Running,False,False,False,False,False,False,False,False,False,False,False,False,False,False,False,True,False,False,False,False,False,False,False,False,False,False,True,False,False,False,False,False,False,False,False,False,False,False,False,False,False,True,False,False
2025-11-10,PROD_005,Nike Dri-FIT Miler,Running,Ropa Running,35,False,,35.65,,True,37.66,30.4,33.78,,,,2025,11,November,10,Monday,0,False,False,,True,4,46,False,False,False,False,False,False,False,,,,,,,,,1.857142857142853,,,Nike Dri-FIT Miler,Running,Ropa Running,False,False,False,False,False,False,False,False,False,False,False,False,False,False,False,True,False,False,False,False,False,False,False,False,False,False,True,False,False,False,False,False,False,False,False,False,False,False,False,False,False,True,False,False
2025-11-11,PROD_005,Nike Dri-FIT Miler,Running,Ropa Running,35,False,,35.52,,True,35.19,32.04,35.0,,,,2025,11,November,11,Tuesday,1,False,False,,True,4,46,False,False,False,False,False,False,False,,,,,,,,,1.4857142857142946,,,Nike Dri-FIT Miler,Running,Ropa Running,False,False,False,False,False,False,False,False,False,False,False,False,False,False,False,True,False,False,False,False,False,False,False,False,False,False,True,False,False,False,False,False,False,False,False,False,False,False,False,False,False,True,False,False
2025-11-12,PROD_005,Nike Dri-FIT Miler,Running,Ropa Running,35,False,,35.66,,True,33.31,34.57,35.41,,,,2025,11,November,12,Wednesday,2,False,False,,True,4,46,False,False,False,False,False,False,False,,,,,,,,,1.885714285714276,,,Nike Dri-FIT Miler,Running,Ropa Running,False,False,False,False,False,False,False,False,False,False,False,False,False,False,False,True,False,False,False,False,False,False,False,False,False,False,True,False,False,False,False,False,False,False,False,False,False,False,False,False,False,True,False,False
2025-11-13,PROD_005,Nike Dri-FIT Miler,Running,Ropa Running,35,False,,35.27,,True,38.83,31.16,36.01,,,,2025,11,November,13,Thursday,3,False,False,,True,4,46,False,False,False,False,False,False,False,,,,,,,,,0.7714285714285803,,,Nike Dri-FIT Miler,Running,Ropa Running,False,False,False,False,False,False,False,False,False,False,False,False,False,False,False,True,False,False,False,False,False,False,False,False,False,False,True,False,False,False,False,False,False,False,False,False,False,False,False,False,False,True,False,False
2025-11-14,PROD_005,Nike Dri-FIT Miler,Running,Ropa Running,35,False,,34.36,,True,35.12,31.9,36.15,,,,2025,11,November,14,Friday,4,False,False,,True,4,46,False,False,False,False,False,False,False,,,,,,,,,-1.82857142857143,,,Nike Dri-FIT Miler,Running,Ropa Running,False,False,False,False,False,False,False,False,False,False,False,False,False,False,False,True,False,False,False,False,False,False,False,False,False,False,True,False,False,False,False,False,False,False,False,False,False,False,False,False,False,True,False,False
2025-11-15,PROD_005,Nike Dri-FIT Miler,Running,Ropa Running,35,False,,35.17,,True,33.19,31.35,32.11,,,,2025,11,November,15,Saturday,5,True,False,,False,4,46,False,False,False,False,False,False,False,,,,,,,,,0.4857142857142906,,,Nike Dri-FIT Miler,Running,Ropa Running,False,False,False,False,False,False,False,False,False,False,False,False,False,False,False,True,False,False,False,False,False,False,False,False,False,False,True,False,False,False,False,False,False,False,False,False,False,False,False,False,False,True,False,False
2025-11-16,PROD_005,Nike Dri-FIT Miler,Running,Ropa Running,35,False,,35.12,,True,33.78,29.88,35.35,,,,2025,11,November,16,Sunday,6,True,False,,False,4,46,False,False,False,False,False,False,False,,,,,,,,,0.34285714285713553,,,Nike Dri-FIT Miler,Running,Ropa Running,False,False,False,False,False,False,False,False,False,False,False,False,False,False,False,True,False,False,False,False,False,False,False,False,False,False,True,False,False,False,False,False,False,False,False,False,False,False,False,False,False,True,False,False
2025-11-17,PROD_005,Nike Dri-FIT Miler,Running,Ropa Running,35,False,,35.44,,True,33.08,32.57,33.16,,,,2025,11,November,17,Monday,0,False,False,,True,4,47,False,False,False,False,False,False,False,,,,,,,,,1.2571428571428507,,,Nike Dri-FIT Miler,Running,Ropa Running,False,False,False,False,False,False,False,False,False,False,False,False,False,False,False,True,False,False,False,False,False,False,False,False,False,False,True,False,False,False,False,False,False,False,False,False,False,False,False,False,False,True,False,False
2025-11-18,PROD_005,Nike Dri-FIT Miler,Running,Ropa Running,35,False,,35.61,,True,38.22,31.94,34.51,,,,2025,11,November,18,Tuesday,1,False,False,,True,4,47,False,False,False,False,False,False,False,,,,,,,,,1.742857142857141,,,Nike Dri-FIT Miler,Running,Ropa Running,False,False,False,False,False,False,False,False,False,False,False,False,False,False,False,True,False,False,False,False,False,False,False,False,False,False,True,False,False,False,False,False,False,False,False,False,False,False,False,False,False,True,False,False
2025-11-19,PROD_005,Nike Dri-FIT Miler,Running,Ropa Running,35,False,,35.43,,True,31.54,33.54,34.73,,,,2025,11,November,19,Wednesday,2,False,False,,True,4,47,False,False,False,False,False,False,False,,,,,,,,,1.2285714285714278,,,Nike Dri-FIT Miler,Running,Ropa Running,False,False,False,False,False,False,False,False,False,False,False,False,False,False,False,True,False,False,False,False,False,False,False,False,False,False,True,False,False,False,False,False,False,False,False,False,False,False,False,False,False,True,False,False
2025-11-20,PROD_005,Nike Dri-FIT Miler,Running,Ropa Running,35,False,,34.88,,True,37.1,31.9,34.8,,,,2025,11,November,20,Thursday,3,False,False,,True,4,47,False,False,False,False,False,False,False,,,,,,,,,-0.34285714285713553,,,Nike Dri-FIT Miler,Running,Ropa Running,False,False,False,False,False,False,False,False,False,False,False,False,False,False,False,True,False,False,False,False,False,False,False,False,False,False,True,False,False,False,False,False,False,False,False,False,False,False,False,False,False,True,False,False
2025-11-21,PROD_005,Nike Dri-FIT Miler,Running,Ropa Running,35,False,,35.51,,True,34.78,32.07,34.29,,,,2025,11,November,21,Friday,4,False,False,,True,4,47,False,False,False,False,False,False,False,,,,,,,,,1.4571428571428515,,,Nike Dri-FIT Miler,Running,Ropa Running,False,False,False,False,False,False,False,False,False,False,False,False,False,False,False,True,False,False,False,False,False,False,False,False,False,False,True,False,False,False,False,False,False,False,False,False,False,False,False,False,False,True,False,False
2025-11-22,PROD_005,Nike Dri-FIT Miler,Running,Ropa Running,35,False,,34.93,,True,35.94,30.49,35.57,,,,2025,11,November,22,Saturday,5,True,False,,False,4,47,False,False,False,False,False,False,False,,,,,,,,,-0.20000000000000082,,,Nike Dri-FIT Miler,Running,Ropa Running,False,False,False,False,False,False,False,False,False,False,False,False,False,False,False,True,False,False,False,False,False,False,False,False,False,False,True,False,False,False,False,False,False,False,False,False,False,False,False,False,False,True,False,False
2025-11-23,PROD_005,Nike Dri-FIT Miler,Running,Ropa Running,35,False,,35.24,,True,31.88,33.45,35.31,,,,2025,11,November,23,Sunday,6,True,False,,False,4,47,False,False,False,False,False,False,False,,,,,,,,,0.6857142857142914,,,Nike Dri-FIT Miler,Running,Ropa Running,False,False,False,False,False,False,False,False,False,False,False,False,False,False,False,True,False,False,False,False,False,False,False,False,False,False,True,False,False,False,False,False,False,False,False,False,False,False,False,False,False,True,False,False
2025-11-24,PROD_005,Nike Dri-FIT Miler,Running,Ropa Running,35,False,,35.03,,True,33.36,32.15,36.9,,,,2025,11,November,24,Monday,0,False,False,,True,4,48,False,False,False,False,False,False,True,,,,,,,,,0.08571428571428896,,,Nike Dri-FIT Miler,Running,Ropa Running,False,False,False,False,False,False,False,False,False,False,False,False,False,False,False,True,False,False,False,False,False,False,False,False,False,False,True,False,False,False,False,False,False,False,False,False,False,False,False,False,False,True,False,False
2025-11-25,PROD_005,Nike Dri-FIT Miler,Running,Ropa Running,35,False,,35.49,,True,38.65,33.99,34.55,,,,2025,11,November,25,Tuesday,1,False,False,,True,4,48,False,False,True,False,False,False,True,,,,,,,,,1.4000000000000057,,,Nike Dri-FIT Miler,Running,Ropa Running,False,False,False,False,False,False,False,False,False,False,False,False,False,False,False,True,False,False,False,False,False,False,False,False,False,False,True,False,False,False,False,False,False,False,False,False,False,False,False,False,False,True,False,False
2025-11-26,PROD_005,Nike Dri-FIT Miler,Running,Ropa Running,35,False,,34.49,,True,36.6,33.69,36.02,,,,2025,11,November,26,Wednesday,2,False,False,,True,4,48,False,False,True,False,False,False,True,,,,,,,,,-1.4571428571428515,,,Nike Dri-FIT Miler,Running,Ropa Running,False,False,False,False,False,False,False,False,False,False,False,False,False,False,False,True,False,False,False,False,False,False,False,False,False,False,True,False,False,False,False,False,False,False,False,False,False,False,False,False,False,True,False,False
2025-11-27,PROD_005,Nike Dri-FIT Miler,Running,Ropa Running,35,False,,34.6,,True,36.76,30.05,33.34,,,,2025,11,November,27,Thursday,3,False,False,,True,4,48,False,False,True,False,False,False,True,,,,,,,,,-1.1428571428571388,,,Nike Dri-FIT Miler,Running,Ropa Running,False,False,False,False,False,False,False,False,False,False,False,False,False,False,False,True,False,False,False,False,False,False,False,False,False,False,True,False,False,False,False,False,False,False,False,False,False,False,False,False,False,True,False,False
2025-11-28,PROD_005,Nike Dri-FIT Miler,Running,Ropa Running,35,False,,29.75,,True,34.09,28.7,33.22,,,,2025,11,November,28,Friday,4,False,False,,True,4,48,False,False,True,False,True,False,True,,,,,,,,,-15.0,,,Nike Dri-FIT Miler,Running,Ropa Running,False,False,False,False,False,False,False,False,False,False,False,False,False,False,False,True,False,False,False,False,False,False,False,False,False,False,True,False,False,False,False,False,False,False,False,False,False,False,False,False,False,True,False,False
2025-11-29,PROD_005,Nike Dri-FIT Miler,Running,Ropa Running,35,False,,35.17,,True,37.28,30.11,34.8,,,,2025,11,November,29,Saturday,5,True,False,,False,4,48,False,False,True,False,False,False,True,,,,,,,,,0.4857142857142906,,,Nike Dri-FIT Miler,Running,Ropa Running,False,False,False,False,False,False,False,False,False,False,False,False,False,False,False,True,False,False,False,False,False,False,False,False,False,False,True,False,False,False,False,False,False,False,False,False,False,False,False,False,False,True,False,False
2025-11-30,PROD_005,Nike Dri-FIT Miler,Running,Ropa Running,35,False,,34.94,,True,34.76,32.47,36.34,,,,2025,11,November,30,Sunday,6,True,False,,False,4,48,False,False,True,True,False,False,True,,,,,,,,,-0.17142857142857792,,,Nike Dri-FIT Miler,Running,Ropa Running,False,False,False,False,False,False,False,False,False,False,False,False,False,False,False,True,False,False,False,False,False,False,False,False,False,False,True,False,False,False,False,False,False,False,False,False,False,False,False,False,False,True,False,False
2025-11-01,PROD_006,Adidas Own The Run Jacket,Running,Ropa Running,65,False,,63.8,,True,63.82,60.99,61.98,,,,2025,11,November,1,Saturday,5,True,False,,False,4,44,True,True,False,False,False,False,False,1.0,3.0,3.0,1.0,2.0,1.0,1.0,,-1.8461538461538505,,,Adidas Own The Run Jacket,Running,Ropa Running,True,False,False,False,False,False,False,False,False,False,False,False,False,False,False,False,False,False,False,False,False,False,False,False,False,False,True,False,False,False,False,False,False,False,False,False,False,False,False,False,False,True,False,False
2025-11-02,PROD_006,Adidas Own The Run Jacket,Running,Ropa Running,65,False,,66.03,,True,74.72,61.51,64.08,,,,2025,11,November,2,Sunday,6,True,False,,False,4,44,True,False,False,False,False,False,False,,1.0,3.0,3.0,1.0,2.0,1.0,,1.5846153846153863,,,Adidas Own The Run Jacket,Running,Ropa Running,True,False,False,False,False,False,False,False,False,False,False,False,False,False,False,False,False,False,False,False,False,False,False,False,False,False,True,False,False,False,False,False,False,False,False,False,False,False,False,False,False,True,False,False
2025-11-03,PROD_006,Adidas Own The Run Jacket,Running,Ropa Running,65,False,,65.08,,True,61.5,57.73,62.19,,,,2025,11,November,3,Monday,0,False,False,,True,4,45,True,False,False,False,False,False,False,,,1.0,3.0,3.0,1.0,2.0,,0.12307692307692046,,,Adidas Own The Run Jacket,Running,Ropa Running,True,False,False,False,False,False,False,False,False,False,False,False,False,False,False,False,False,False,False,False,False,False,False,False,False,False,True,False,False,False,False,False,False,False,False,False,False,False,False,False,False,True,False,False
2025-11-04,PROD_006,Adidas Own The Run Jacket,Running,Ropa Running,65,False,,64.68,,True,62.52,57.2,68.52,,,,2025,11,November,4,Tuesday,1,False,False,,True,4,45,True,False,False,False,False,False,False,,,,1.0,3.0,3.0,1.0,,-0.49230769230768184,,,Adidas Own The Run Jacket,Running,Ropa Running,True,False,False,False,False,False,False,False,False,False,False,False,False,False,False,False,False,False,False,False,False,False,False,False,False,False,True,False,False,False,False,False,False,False,False,False,False,False,False,False,False,True,False,False
2025-11-05,PROD_006,Adidas Own The Run Jacket,Running,Ropa Running,65,False,,65.75,,True,67.52,57.6,64.39,,,,2025,11,November,5,Wednesday,2,False,False,,True,4,45,True,False,False,False,False,False,False,,,,,1.0,3.0,3.0,,1.153846153846154,,,Adidas Own The Run Jacket,Running,Ropa Running,True,False,False,False,False,False,False,False,False,False,False,False,False,False,False,False,False,False,False,False,False,False,False,False,False,False,True,False,False,False,False,False,False,False,False,False,False,False,False,False,False,True,False,False
2025-11-06,PROD_006,Adidas Own The Run Jacket,Running,Ropa Running,65,False,,65.1,,True,69.63,60.37,61.86,,,,2025,11,November,6,Thursday,3,False,False,,True,4,45,True,False,False,False,False,False,False,,,,,,1.0,3.0,,0.1538461538461451,,,Adidas Own The Run Jacket,Running,Ropa Running,True,False,False,False,False,False,False,False,False,False,False,False,False,False,False,False,False,False,False,False,False,False,False,False,False,False,True,False,False,False,False,False,False,False,False,False,False,False,False,False,False,True,False,False
2025-11-07,PROD_006,Adidas Own The Run Jacket,Running,Ropa Running,65,False,,64.44,,True,64.01,62.05,61.2,,,,2025,11,November,7,Friday,4,False,False,,True,4,45,True,False,False,False,False,False,False,,,,,,,1.0,,-0.8615384615384649,,,Adidas Own The Run Jacket,Running,Ropa Running,True,False,False,False,False,False,False,False,False,False,False,False,False,False,False,False,False,False,False,False,False,False,False,False,False,False,True,False,False,False,False,False,False,False,False,False,False,False,False,False,False,True,False,False
2025-11-08,PROD_006,Adidas Own The Run Jacket,Running,Ropa Running,65,False,,65.18,,True,60.05,60.42,62.81,,,,2025,11,November,8,Saturday,5,True,False,,False,4,45,False,False,False,False,False,False,False,,,,,,,,,0.2769230769230874,,,Adidas Own The Run Jacket,Running,Ropa Running,True,False,False,False,False,False,False,False,False,False,False,False,False,False,False,False,False,False,False,False,False,False,False,False,False,False,True,False,False,False,False,False,False,False,False,False,False,False,False,False,False,True,False,False
2025-11-09,PROD_006,Adidas Own The Run Jacket,Running,Ropa Running,65,False,,64.19,,True,63.04,57.69,63.07,,,,2025,11,November,9,Sunday,6,True,False,,False,4,45,False,False,False,False,False,False,False,,,,,,,,,-1.2461538461538497,,,Adidas Own The Run Jacket,Running,Ropa Running,True,False,False,False,False,False,False,False,False,False,False,False,False,False,False,False,False,False,False,False,False,False,False,False,False,False,True,False,False,False,False,False,False,False,False,False,False,False,False,False,False,True,False,False
2025-11-10,PROD_006,Adidas Own The Run Jacket,Running,Ropa Running,65,False,,66.03,,True,64.79,57.69,65.06,,,,2025,11,November,10,Monday,0,False,False,,True,4,46,False,False,False,False,False,False,False,,,,,,,,,1.5846153846153863,,,Adidas Own The Run Jacket,Running,Ropa Running,True,False,False,False,False,False,False,False,False,False,False,False,False,False,False,False,False,False,False,False,False,False,False,False,False,False,True,False,False,False,False,False,False,False,False,False,False,False,False,False,False,True,False,False
2025-11-11,PROD_006,Adidas Own The Run Jacket,Running,Ropa Running,65,False,,63.99,,True,64.47,60.08,64.19,,,,2025,11,November,11,Tuesday,1,False,False,,True,4,46,False,False,False,False,False,False,False,,,,,,,,,-1.5538461538461508,,,Adidas Own The Run Jacket,Running,Ropa Running,True,False,False,False,False,False,False,False,False,False,False,False,False,False,False,False,False,False,False,False,False,False,False,False,False,False,True,False,False,False,False,False,False,False,False,False,False,False,False,False,False,True,False,False
2025-11-12,PROD_006,Adidas Own The Run Jacket,Running,Ropa Running,65,False,,65.95,,True,62.74,60.8,65.62,,,,2025,11,November,12,Wednesday,2,False,False,,True,4,46,False,False,False,False,False,False,False,,,,,,,,,1.461538461538466,,,Adidas Own The Run Jacket,Running,Ropa Running,True,False,False,False,False,False,False,False,False,False,False,False,False,False,False,False,False,False,False,False,False,False,False,False,False,False,True,False,False,False,False,False,False,False,False,False,False,False,False,False,False,True,False,False
2025-11-13,PROD_006,Adidas Own The Run Jacket,Running,Ropa Running,65,False,,66.12,,True,61.43,63.32,68.35,,,,2025,11,November,13,Thursday,3,False,False,,True,4,46,False,False,False,False,False,False,False,,,,,,,,,1.7230769230769298,,,Adidas Own The Run Jacket,Running,Ropa Running,True,False,False,False,False,False,False,False,False,False,False,False,False,False,False,False,False,False,False,False,False,False,False,False,False,False,True,False,False,False,False,False,False,False,False,False,False,False,False,False,False,True,False,False
2025-11-14,PROD_006,Adidas Own The Run Jacket,Running,Ropa Running,65,False,,64.43,,True,62.46,60.44,62.53,,,,2025,11,November,14,Friday,4,False,False,,True,4,46,False,False,False,False,False,False,False,,,,,,,,,-0.8769230769230665,,,Adidas Own The Run Jacket,Running,Ropa Running,True,False,False,False,False,False,False,False,False,False,False,False,False,False,False,False,False,False,False,False,False,False,False,False,False,False,True,False,False,False,False,False,False,False,False,False,False,False,False,False,False,True,False,False
2025-11-15,PROD_006,Adidas Own The Run Jacket,Running,Ropa Running,65,False,,65.02,,True,58.72,58.42,63.65,,,,2025,11,November,15,Saturday,5,True,False,,False,4,46,False,False,False,False,False,False,False,,,,,,,,,0.03076923076922465,,,Adidas Own The Run Jacket,Running,Ropa Running,True,False,False,False,False,False,False,False,False,False,False,False,False,False,False,False,False,False,False,False,False,False,False,False,False,False,True,False,False,False,False,False,False,False,False,False,False,False,False,False,False,True,False,False
2025-11-16,PROD_006,Adidas Own The Run Jacket,Running,Ropa Running,65,False,,65.29,,True,66.73,56.06,64.24,,,,2025,11,November,16,Sunday,6,True,False,,False,4,46,False,False,False,False,False,False,False,,,,,,,,,0.4461538461538557,,,Adidas Own The Run Jacket,Running,Ropa Running,True,False,False,False,False,False,False,False,False,False,False,False,False,False,False,False,False,False,False,False,False,False,False,False,False,False,True,False,False,False,False,False,False,False,False,False,False,False,False,False,False,True,False,False
2025-11-17,PROD_006,Adidas Own The Run Jacket,Running,Ropa Running,65,False,,65.08,,True,60.67,59.03,63.4,,,,2025,11,November,17,Monday,0,False,False,,True,4,47,False,False,False,False,False,False,False,,,,,,,,,0.12307692307692046,,,Adidas Own The Run Jacket,Running,Ropa Running,True,False,False,False,False,False,False,False,False,False,False,False,False,False,False,False,False,False,False,False,False,False,False,False,False,False,True,False,False,False,False,False,False,False,False,False,False,False,False,False,False,True,False,False
2025-11-18,PROD_006,Adidas Own The Run Jacket,Running,Ropa Running,65,False,,64.05,,True,67.93,58.19,66.44,,,,2025,11,November,18,Tuesday,1,False,False,,True,4,47,False,False,False,False,False,False,False,,,,,,,,,-1.461538461538466,,,Adidas Own The Run Jacket,Running,Ropa Running,True,False,False,False,False,False,False,False,False,False,False,False,False,False,False,False,False,False,False,False,False,False,False,False,False,False,True,False,False,False,False,False,False,False,False,False,False,False,False,False,False,True,False,False
2025-11-19,PROD_006,Adidas Own The Run Jacket,Running,Ropa Running,65,False,,65.68,,True,60.93,57.9,70.34,,,,2025,11,November,19,Wednesday,2,False,False,,True,4,47,False,False,False,False,False,False,False,,,,,,,,,1.0461538461538566,,,Adidas Own The Run Jacket,Running,Ropa Running,True,False,False,False,False,False,False,False,False,False,False,False,False,False,False,False,False,False,False,False,False,False,False,False,False,False,True,False,False,False,False,False,False,False,False,False,False,False,False,False,False,True,False,False
2025-11-20,PROD_006,Adidas Own The Run Jacket,Running,Ropa Running,65,False,,64.77,,True,66.53,58.92,65.3,,,,2025,11,November,20,Thursday,3,False,False,,True,4,47,False,False,False,False,False,False,False,,,,,,,,,-0.35384615384615997,,,Adidas Own The Run Jacket,Running,Ropa Running,True,False,False,False,False,False,False,False,False,False,False,False,False,False,False,False,False,False,False,False,False,False,False,False,False,False,True,False,False,False,False,False,False,False,False,False,False,False,False,False,False,True,False,False
2025-11-21,PROD_006,Adidas Own The Run Jacket,Running,Ropa Running,65,False,,66.14,,True,62.66,60.27,68.25,,,,2025,11,November,21,Friday,4,False,False,,True,4,47,False,False,False,False,False,False,False,,,,,,,,,1.7538461538461547,,,Adidas Own The Run Jacket,Running,Ropa Running,True,False,False,False,False,False,False,False,False,False,False,False,False,False,False,False,False,False,False,False,False,False,False,False,False,False,True,False,False,False,False,False,False,False,False,False,False,False,False,False,False,True,False,False
2025-11-22,PROD_006,Adidas Own The Run Jacket,Running,Ropa Running,65,False,,65.89,,True,65.74,58.51,63.21,,,,2025,11,November,22,Saturday,5,True,False,,False,4,47,False,False,False,False,False,False,False,,,,,,,,,1.3692307692307701,,,Adidas Own The Run Jacket,Running,Ropa Running,True,False,False,False,False,False,False,False,False,False,False,False,False,False,False,False,False,False,False,False,False,False,False,False,False,False,True,False,False,False,False,False,False,False,False,False,False,False,False,False,False,True,False,False
2025-11-23,PROD_006,Adidas Own The Run Jacket,Running,Ropa Running,65,False,,64.13,,True,63.22,60.38,66.92,,,,2025,11,November,23,Sunday,6,True,False,,False,4,47,False,False,False,False,False,False,False,,,,,,,,,-1.3384615384615455,,,Adidas Own The Run Jacket,Running,Ropa Running,True,False,False,False,False,False,False,False,False,False,False,False,False,False,False,False,False,False,False,False,False,False,False,False,False,False,True,False,False,False,False,False,False,False,False,False,False,False,False,False,False,True,False,False
2025-11-24,PROD_006,Adidas Own The Run Jacket,Running,Ropa Running,65,False,,65.06,,True,67.49,58.68,67.33,,,,2025,11,November,24,Monday,0,False,False,,True,4,48,False,False,False,False,False,False,True,,,,,,,,,0.09230769230769581,,,Adidas Own The Run Jacket,Running,Ropa Running,True,False,False,False,False,False,False,False,False,False,False,False,False,False,False,False,False,False,False,False,False,False,False,False,False,False,True,False,False,False,False,False,False,False,False,False,False,False,False,False,False,True,False,False
2025-11-25,PROD_006,Adidas Own The Run Jacket,Running,Ropa Running,65,False,,64.84,,True,63.3,57.99,58.95,,,,2025,11,November,25,Tuesday,1,False,False,,True,4,48,False,False,True,False,False,False,True,,,,,,,,,-0.24615384615384092,,,Adidas Own The Run Jacket,Running,Ropa Running,True,False,False,False,False,False,False,False,False,False,False,False,False,False,False,False,False,False,False,False,False,False,False,False,False,False,True,False,False,False,False,False,False,False,False,False,False,False,False,False,False,True,False,False
2025-11-26,PROD_006,Adidas Own The Run Jacket,Running,Ropa Running,65,False,,64.48,,True,64.7,62.61,65.19,,,,2025,11,November,26,Wednesday,2,False,False,,True,4,48,False,False,True,False,False,False,True,,,,,,,,,-0.7999999999999939,,,Adidas Own The Run Jacket,Running,Ropa Running,True,False,False,False,False,False,False,False,False,False,False,False,False,False,False,False,False,False,False,False,False,False,False,False,False,False,True,False,False,False,False,False,False,False,False,False,False,False,False,False,False,True,False,False
2025-11-27,PROD_006,Adidas Own The Run Jacket,Running,Ropa Running,65,False,,64.7,,True,63.92,61.07,64.63,,,,2025,11,November,27,Thursday,3,False,False,,True,4,48,False,False,True,False,False,False,True,,,,,,,,,-0.4615384615384572,,,Adidas Own The Run Jacket,Running,Ropa Running,True,False,False,False,False,False,False,False,False,False,False,False,False,False,False,False,False,False,False,False,False,False,False,False,False,False,True,False,False,False,False,False,False,False,False,False,False,False,False,False,False,True,False,False
2025-11-28,PROD_006,Adidas Own The Run Jacket,Running,Ropa Running,65,False,,55.25,,True,63.61,54.73,65.17,,,,2025,11,November,28,Friday,4,False,False,,True,4,48,False,False,True,False,True,False,True,,,,,,,,,-15.0,,,Adidas Own The Run Jacket,Running,Ropa Running,True,False,False,False,False,False,False,False,False,False,False,False,False,False,False,False,False,False,False,False,False,False,False,False,False,False,True,False,False,False,False,False,False,False,False,False,False,False,False,False,False,True,False,False
2025-11-29,PROD_006,Adidas Own The Run Jacket,Running,Ropa Running,65,False,,64.06,,True,66.3,61.76,66.76,,,,2025,11,November,29,Saturday,5,True,False,,False,4,48,False,False,True,False,False,False,True,,,,,,,,,-1.4461538461538426,,,Adidas Own The Run Jacket,Running,Ropa Running,True,False,False,False,False,False,False,False,False,False,False,False,False,False,False,False,False,False,False,False,False,False,False,False,False,False,True,False,False,False,False,False,False,False,False,False,False,False,False,False,False,True,False,False
2025-11-30,PROD_006,Adidas Own The Run Jacket,Running,Ropa Running,65,False,,65.75,,True,64.9,58.42,62.32,,,,2025,11,November,30,Sunday,6,True,False,,False,4,48,False,False,True,True,False,False,True,,,,,,,,,1.153846153846154,,,Adidas Own The Run Jacket,Running,Ropa Running,True,False,False,False,False,False,False,False,False,False,False,False,False,False,False,False,False,False,False,False,False,False,False,False,False,False,True,False,False,False,False,False,False,False,False,False,False,False,False,False,False,True,False,False
2025-11-01,PROD_007,Puma Velocity Nitro 2,Running,Zapatillas Running,70,False,,70.3,,True,75.74,62.67,67.11,,,,2025,11,November,1,Saturday,5,True,False,,False,4,44,True,True,False,False,False,False,False,4.0,3.0,1.0,6.0,2.0,2.0,5.0,,0.4285714285714245,,,Puma Velocity Nitro 2,Running,Zapatillas Running,False,False,False,False,False,False,False,False,False,False,False,False,False,False,False,False,True,False,False,False,False,False,False,False,False,False,True,False,False,False,False,False,False,False,False,False,False,False,False,False,False,False,True,False
2025-11-02,PROD_007,Puma Velocity Nitro 2,Running,Zapatillas Running,70,False,,71.36,,True,69.56,69.36,70.95,,,,2025,11,November,2,Sunday,6,True,False,,False,4,44,True,False,False,False,False,False,False,,4.0,3.0,1.0,6.0,2.0,2.0,,1.942857142857142,,,Puma Velocity Nitro 2,Running,Zapatillas Running,False,False,False,False,False,False,False,False,False,False,False,False,False,False,False,False,True,False,False,False,False,False,False,False,False,False,True,False,False,False,False,False,False,False,False,False,False,False,False,False,False,False,True,False
2025-11-03,PROD_007,Puma Velocity Nitro 2,Running,Zapatillas Running,70,False,,69.72,,True,69.44,62.86,67.05,,,,2025,11,November,3,Monday,0,False,False,,True,4,45,True,False,False,False,False,False,False,,,4.0,3.0,1.0,6.0,2.0,,-0.40000000000000163,,,Puma Velocity Nitro 2,Running,Zapatillas Running,False,False,False,False,False,False,False,False,False,False,False,False,False,False,False,False,True,False,False,False,False,False,False,False,False,False,True,False,False,False,False,False,False,False,False,False,False,False,False,False,False,False,True,False
2025-11-04,PROD_007,Puma Velocity Nitro 2,Running,Zapatillas Running,70,False,,70.1,,True,64.05,63.29,71.22,,,,2025,11,November,4,Tuesday,1,False,False,,True,4,45,True,False,False,False,False,False,False,,,,4.0,3.0,1.0,6.0,,0.14285714285713474,,,Puma Velocity Nitro 2,Running,Zapatillas Running,False,False,False,False,False,False,False,False,False,False,False,False,False,False,False,False,True,False,False,False,False,False,False,False,False,False,True,False,False,False,False,False,False,False,False,False,False,False,False,False,False,False,True,False
2025-11-05,PROD_007,Puma Velocity Nitro 2,Running,Zapatillas Running,70,False,,69.57,,True,68.8,67.45,68.96,,,,2025,11,November,5,Wednesday,2,False,False,,True,4,45,True,False,False,False,False,False,False,,,,,4.0,3.0,1.0,,-0.6142857142857241,,,Puma Velocity Nitro 2,Running,Zapatillas Running,False,False,False,False,False,False,False,False,False,False,False,False,False,False,False,False,True,False,False,False,False,False,False,False,False,False,True,False,False,False,False,False,False,False,False,False,False,False,False,False,False,False,True,False
2025-11-06,PROD_007,Puma Velocity Nitro 2,Running,Zapatillas Running,70,False,,68.99,,True,64.6,63.78,66.27,,,,2025,11,November,6,Thursday,3,False,False,,True,4,45,True,False,False,False,False,False,False,,,,,,4.0,3.0,,-1.4428571428571502,,,Puma Velocity Nitro 2,Running,Zapatillas Running,False,False,False,False,False,False,False,False,False,False,False,False,False,False,False,False,True,False,False,False,False,False,False,False,False,False,True,False,False,False,False,False,False,False,False,False,False,False,False,False,False,False,True,False
2025-11-07,PROD_007,Puma Velocity Nitro 2,Running,Zapatillas Running,70,False,,69.77,,True,69.18,65.32,74.31,,,,2025,11,November,7,Friday,4,False,False,,True,4,45,True,False,False,False,False,False,False,,,,,,,4.0,,-0.3285714285714343,,,Puma Velocity Nitro 2,Running,Zapatillas Running,False,False,False,False,False,False,False,False,False,False,False,False,False,False,False,False,True,False,False,False,False,False,False,False,False,False,True,False,False,False,False,False,False,False,False,False,False,False,False,False,False,False,True,False
2025-11-08,PROD_007,Puma Velocity Nitro 2,Running,Zapatillas Running,70,False,,68.64,,True,74.06,61.57,70.93,,,,2025,11,November,8,Saturday,5,True,False,,False,4,45,False,False,False,False,False,False,False,,,,,,,,,-1.942857142857142,,,Puma Velocity Nitro 2,Running,Zapatillas Running,False,False,False,False,False,False,False,False,False,False,False,False,False,False,False,False,True,False,False,False,False,False,False,False,False,False,True,False,False,False,False,False,False,False,False,False,False,False,False,False,False,False,True,False
2025-11-09,PROD_007,Puma Velocity Nitro 2,Running,Zapatillas Running,70,False,,71.29,,True,69.04,61.37,76.15,,,,2025,11,November,9,Sunday,6,True,False,,False,4,45,False,False,False,False,False,False,False,,,,,,,,,1.8428571428571516,,,Puma Velocity Nitro 2,Running,Zapatillas Running,False,False,False,False,False,False,False,False,False,False,False,False,False,False,False,False,True,False,False,False,False,False,False,False,False,False,True,False,False,False,False,False,False,False,False,False,False,False,False,False,False,False,True,False
2025-11-10,PROD_007,Puma Velocity Nitro 2,Running,Zapatillas Running,70,False,,68.79,,True,70.22,62.08,71.33,,,,2025,11,November,10,Monday,0,False,False,,True,4,46,False,False,False,False,False,False,False,,,,,,,,,-1.7285714285714195,,,Puma Velocity Nitro 2,Running,Zapatillas Running,False,False,False,False,False,False,False,False,False,False,False,False,False,False,False,False,True,False,False,False,False,False,False,False,False,False,True,False,False,False,False,False,False,False,False,False,False,False,False,False,False,False,True,False
2025-11-11,PROD_007,Puma Velocity Nitro 2,Running,Zapatillas Running,70,False,,71.11,,True,67.95,62.6,69.54,,,,2025,11,November,11,Tuesday,1,False,False,,True,4,46,False,False,False,False,False,False,False,,,,,,,,,1.5857142857142847,,,Puma Velocity Nitro 2,Running,Zapatillas Running,False,False,False,False,False,False,False,False,False,False,False,False,False,False,False,False,True,False,False,False,False,False,False,False,False,False,True,False,False,False,False,False,False,False,False,False,False,False,False,False,False,False,True,False
2025-11-12,PROD_007,Puma Velocity Nitro 2,Running,Zapatillas Running,70,False,,70.18,,True,68.05,66.84,62.87,,,,2025,11,November,12,Wednesday,2,False,False,,True,4,46,False,False,False,False,False,False,False,,,,,,,,,0.2571428571428669,,,Puma Velocity Nitro 2,Running,Zapatillas Running,False,False,False,False,False,False,False,False,False,False,False,False,False,False,False,False,True,False,False,False,False,False,False,False,False,False,True,False,False,False,False,False,False,False,False,False,False,False,False,False,False,False,True,False
2025-11-13,PROD_007,Puma Velocity Nitro 2,Running,Zapatillas Running,70,False,,69.83,,True,74.49,59.25,68.75,,,,2025,11,November,13,Thursday,3,False,False,,True,4,46,False,False,False,False,False,False,False,,,,,,,,,-0.2428571428571453,,,Puma Velocity Nitro 2,Running,Zapatillas Running,False,False,False,False,False,False,False,False,False,False,False,False,False,False,False,False,True,False,False,False,False,False,False,False,False,False,True,False,False,False,False,False,False,False,False,False,False,False,False,False,False,False,True,False
2025-11-14,PROD_007,Puma Velocity Nitro 2,Running,Zapatillas Running,70,False,,71.01,,True,68.67,63.47,70.96,,,,2025,11,November,14,Friday,4,False,False,,True,4,46,False,False,False,False,False,False,False,,,,,,,,,1.4428571428571502,,,Puma Velocity Nitro 2,Running,Zapatillas Running,False,False,False,False,False,False,False,False,False,False,False,False,False,False,False,False,True,False,False,False,False,False,False,False,False,False,True,False,False,False,False,False,False,False,False,False,False,False,False,False,False,False,True,False
2025-11-15,PROD_007,Puma Velocity Nitro 2,Running,Zapatillas Running,70,False,,69.36,,True,66.01,67.63,72.0,,,,2025,11,November,15,Saturday,5,True,False,,False,4,46,False,False,False,False,False,False,False,,,,,,,,,-0.914285714285715,,,Puma Velocity Nitro 2,Running,Zapatillas Running,False,False,False,False,False,False,False,False,False,False,False,False,False,False,False,False,True,False,False,False,False,False,False,False,False,False,True,False,False,False,False,False,False,False,False,False,False,False,False,False,False,False,True,False
2025-11-16,PROD_007,Puma Velocity Nitro 2,Running,Zapatillas Running,70,False,,68.68,,True,74.58,62.25,67.77,,,,2025,11,November,16,Sunday,6,True,False,,False,4,46,False,False,False,False,False,False,False,,,,,,,,,-1.885714285714276,,,Puma Velocity Nitro 2,Running,Zapatillas Running,False,False,False,False,False,False,False,False,False,False,False,False,False,False,False,False,True,False,False,False,False,False,False,False,False,False,True,False,False,False,False,False,False,False,False,False,False,False,False,False,False,False,True,False
2025-11-17,PROD_007,Puma Velocity Nitro 2,Running,Zapatillas Running,70,False,,70.48,,True,68.12,64.87,66.52,,,,2025,11,November,17,Monday,0,False,False,,True,4,47,False,False,False,False,False,False,False,,,,,,,,,0.6857142857142914,,,Puma Velocity Nitro 2,Running,Zapatillas Running,False,False,False,False,False,False,False,False,False,False,False,False,False,False,False,False,True,False,False,False,False,False,False,False,False,False,True,False,False,False,False,False,False,False,False,False,False,False,False,False,False,False,True,False
2025-11-18,PROD_007,Puma Velocity Nitro 2,Running,Zapatillas Running,70,False,,68.88,,True,72.58,65.58,67.23,,,,2025,11,November,18,Tuesday,1,False,False,,True,4,47,False,False,False,False,False,False,False,,,,,,,,,-1.6000000000000065,,,Puma Velocity Nitro 2,Running,Zapatillas Running,False,False,False,False,False,False,False,False,False,False,False,False,False,False,False,False,True,False,False,False,False,False,False,False,False,False,True,False,False,False,False,False,False,False,False,False,False,False,False,False,False,False,True,False
2025-11-19,PROD_007,Puma Velocity Nitro 2,Running,Zapatillas Running,70,False,,71.0,,True,68.71,66.33,66.88,,,,2025,11,November,19,Wednesday,2,False,False,,True,4,47,False,False,False,False,False,False,False,,,,,,,,,1.4285714285714286,,,Puma Velocity Nitro 2,Running,Zapatillas Running,False,False,False,False,False,False,False,False,False,False,False,False,False,False,False,False,True,False,False,False,False,False,False,False,False,False,True,False,False,False,False,False,False,False,False,False,False,False,False,False,False,False,True,False
2025-11-20,PROD_007,Puma Velocity Nitro 2,Running,Zapatillas Running,70,False,,69.42,,True,72.23,60.14,74.1,,,,2025,11,November,20,Thursday,3,False,False,,True,4,47,False,False,False,False,False,False,False,,,,,,,,,-0.8285714285714261,,,Puma Velocity Nitro 2,Running,Zapatillas Running,False,False,False,False,False,False,False,False,False,False,False,False,False,False,False,False,True,False,False,False,False,False,False,False,False,False,True,False,False,False,False,False,False,False,False,False,False,False,False,False,False,False,True,False
2025-11-21,PROD_007,Puma Velocity Nitro 2,Running,Zapatillas Running,70,False,,71.1,,True,68.13,66.09,67.83,,,,2025,11,November,21,Friday,4,False,False,,True,4,47,False,False,False,False,False,False,False,,,,,,,,,1.5714285714285632,,,Puma Velocity Nitro 2,Running,Zapatillas Running,False,False,False,False,False,False,False,False,False,False,False,False,False,False,False,False,True,False,False,False,False,False,False,False,False,False,True,False,False,False,False,False,False,False,False,False,False,False,False,False,False,False,True,False
2025-11-22,PROD_007,Puma Velocity Nitro 2,Running,Zapatillas Running,70,False,,70.25,,True,64.94,65.45,66.04,,,,2025,11,November,22,Saturday,5,True,False,,False,4,47,False,False,False,False,False,False,False,,,,,,,,,0.35714285714285715,,,Puma Velocity Nitro 2,Running,Zapatillas Running,False,False,False,False,False,False,False,False,False,False,False,False,False,False,False,False,True,False,False,False,False,False,False,False,False,False,True,False,False,False,False,False,False,False,False,False,False,False,False,False,False,False,True,False
2025-11-23,PROD_007,Puma Velocity Nitro 2,Running,Zapatillas Running,70,False,,69.75,,True,62.52,67.51,70.16,,,,2025,11,November,23,Sunday,6,True,False,,False,4,47,False,False,False,False,False,False,False,,,,,,,,,-0.35714285714285715,,,Puma Velocity Nitro 2,Running,Zapatillas Running,False,False,False,False,False,False,False,False,False,False,False,False,False,False,False,False,True,False,False,False,False,False,False,False,False,False,True,False,False,False,False,False,False,False,False,False,False,False,False,False,False,False,True,False
2025-11-24,PROD_007,Puma Velocity Nitro 2,Running,Zapatillas Running,70,False,,70.74,,True,69.66,65.92,69.54,,,,2025,11,November,24,Monday,0,False,False,,True,4,48,False,False,False,False,False,False,True,,,,,,,,,1.0571428571428498,,,Puma Velocity Nitro 2,Running,Zapatillas Running,False,False,False,False,False,False,False,False,False,False,False,False,False,False,False,False,True,False,False,False,False,False,False,False,False,False,True,False,False,False,False,False,False,False,False,False,False,False,False,False,False,False,True,False
2025-11-25,PROD_007,Puma Velocity Nitro 2,Running,Zapatillas Running,70,False,,70.84,,True,68.7,63.67,70.4,,,,2025,11,November,25,Tuesday,1,False,False,,True,4,48,False,False,True,False,False,False,True,,,,,,,,,1.2000000000000048,,,Puma Velocity Nitro 2,Running,Zapatillas Running,False,False,False,False,False,False,False,False,False,False,False,False,False,False,False,False,True,False,False,False,False,False,False,False,False,False,True,False,False,False,False,False,False,False,False,False,False,False,False,False,False,False,True,False
2025-11-26,PROD_007,Puma Velocity Nitro 2,Running,Zapatillas Running,70,False,,70.37,,True,63.86,62.43,68.56,,,,2025,11,November,26,Wednesday,2,False,False,,True,4,48,False,False,True,False,False,False,True,,,,,,,,,0.5285714285714351,,,Puma Velocity Nitro 2,Running,Zapatillas Running,False,False,False,False,False,False,False,False,False,False,False,False,False,False,False,False,True,False,False,False,False,False,False,False,False,False,True,False,False,False,False,False,False,False,False,False,False,False,False,False,False,False,True,False
2025-11-27,PROD_007,Puma Velocity Nitro 2,Running,Zapatillas Running,70,False,,70.94,,True,70.08,64.56,68.25,,,,2025,11,November,27,Thursday,3,False,False,,True,4,48,False,False,True,False,False,False,True,,,,,,,,,1.3428571428571396,,,Puma Velocity Nitro 2,Running,Zapatillas Running,False,False,False,False,False,False,False,False,False,False,False,False,False,False,False,False,True,False,False,False,False,False,False,False,False,False,True,False,False,False,False,False,False,False,False,False,False,False,False,False,False,False,True,False
2025-11-28,PROD_007,Puma Velocity Nitro 2,Running,Zapatillas Running,70,False,,59.5,,True,62.22,63.05,72.47,,,,2025,11,November,28,Friday,4,False,False,,True,4,48,False,False,True,False,True,False,True,,,,,,,,,-15.0,,,Puma Velocity Nitro 2,Running,Zapatillas Running,False,False,False,False,False,False,False,False,False,False,False,False,False,False,False,False,True,False,False,False,False,False,False,False,False,False,True,False,False,False,False,False,False,False,False,False,False,False,False,False,False,False,True,False
2025-11-29,PROD_007,Puma Velocity Nitro 2,Running,Zapatillas Running,70,False,,70.92,,True,72.59,64.36,72.11,,,,2025,11,November,29,Saturday,5,True,False,,False,4,48,False,False,True,False,False,False,True,,,,,,,,,1.3142857142857167,,,Puma Velocity Nitro 2,Running,Zapatillas Running,False,False,False,False,False,False,False,False,False,False,False,False,False,False,False,False,True,False,False,False,False,False,False,False,False,False,True,False,False,False,False,False,False,False,False,False,False,False,False,False,False,False,True,False
2025-11-30,PROD_007,Puma Velocity Nitro 2,Running,Zapatillas Running,70,False,,70.28,,True,66.4,64.91,69.22,,,,2025,11,November,30,Sunday,6,True,False,,False,4,48,False,False,True,True,False,False,True,,,,,,,,,0.40000000000000163,,,Puma Velocity Nitro 2,Running,Zapatillas Running,False,False,False,False,False,False,False,False,False,False,False,False,False,False,False,False,True,False,False,False,False,False,False,False,False,False,True,False,False,False,False,False,False,False,False,False,False,False,False,False,False,False,True,False
2025-11-01,PROD_008,Reebok Floatride Energy 5,Running,Zapatillas Running,65,False,,64.41,,True,68.08,55.66,67.77,,,,2025,11,November,1,Saturday,5,True,False,,False,4,44,True,True,False,False,False,False,False,3.0,2.0,1.0,8.0,1.0,2.0,5.0,,-0.907692307692313,,,Reebok Floatride Energy 5,Running,Zapatillas Running,False,False,False,False,False,False,False,False,False,False,False,False,False,False,False,False,False,False,True,False,False,False,False,False,False,False,True,False,False,False,False,False,False,False,False,False,False,False,False,False,False,False,True,False
2025-11-02,PROD_008,Reebok Floatride Energy 5,Running,Zapatillas Running,65,False,,63.94,,True,64.35,60.56,65.42,,,,2025,11,November,2,Sunday,6,True,False,,False,4,44,True,False,False,False,False,False,False,,3.0,2.0,1.0,8.0,1.0,2.0,,-1.6307692307692343,,,Reebok Floatride Energy 5,Running,Zapatillas Running,False,False,False,False,False,False,False,False,False,False,False,False,False,False,False,False,False,False,True,False,False,False,False,False,False,False,True,False,False,False,False,False,False,False,False,False,False,False,False,False,False,False,True,False
2025-11-03,PROD_008,Reebok Floatride Energy 5,Running,Zapatillas Running,65,False,,65.97,,True,59.86,60.96,66.49,,,,2025,11,November,3,Monday,0,False,False,,True,4,45,True,False,False,False,False,False,False,,,3.0,2.0,1.0,8.0,1.0,,1.4923076923076906,,,Reebok Floatride Energy 5,Running,Zapatillas Running,False,False,False,False,False,False,False,False,False,False,False,False,False,False,False,False,False,False,True,False,False,False,False,False,False,False,True,False,False,False,False,False,False,False,False,False,False,False,False,False,False,False,True,False
2025-11-04,PROD_008,Reebok Floatride Energy 5,Running,Zapatillas Running,65,False,,65.41,,True,67.59,60.22,64.82,,,,2025,11,November,4,Tuesday,1,False,False,,True,4,45,True,False,False,False,False,False,False,,,,3.0,2.0,1.0,8.0,,0.6307692307692255,,,Reebok Floatride Energy 5,Running,Zapatillas Running,False,False,False,False,False,False,False,False,False,False,False,False,False,False,False,False,False,False,True,False,False,False,False,False,False,False,True,False,False,False,False,False,False,False,False,False,False,False,False,False,False,False,True,False
2025-11-05,PROD_008,Reebok Floatride Energy 5,Running,Zapatillas Running,65,False,,64.28,,True,58.7,60.96,65.32,,,,2025,11,November,5,Wednesday,2,False,False,,True,4,45,True,False,False,False,False,False,False,,,,,3.0,2.0,1.0,,-1.107692307692306,,,Reebok Floatride Energy 5,Running,Zapatillas Running,False,False,False,False,False,False,False,False,False,False,False,False,False,False,False,False,False,False,True,False,False,False,False,False,False,False,True,False,False,False,False,False,False,False,False,False,False,False,False,False,False,False,True,False
2025-11-06,PROD_008,Reebok Floatride Energy 5,Running,Zapatillas Running,65,False,,63.79,,True,60.77,61.44,64.89,,,,2025,11,November,6,Thursday,3,False,False,,True,4,45,True,False,False,False,False,False,False,,,,,,3.0,2.0,,-1.8615384615384627,,,Reebok Floatride Energy 5,Running,Zapatillas Running,False,False,False,False,False,False,False,False,False,False,False,False,False,False,False,False,False,False,True,False,False,False,False,False,False,False,True,False,False,False,False,False,False,False,False,False,False,False,False,False,False,False,True,False
2025-11-07,PROD_008,Reebok Floatride Energy 5,Running,Zapatillas Running,65,False,,65.94,,True,67.05,58.32,67.14,,,,2025,11,November,7,Friday,4,False,False,,True,4,45,True,False,False,False,False,False,False,,,,,,,3.0,,1.4461538461538426,,,Reebok Floatride Energy 5,Running,Zapatillas Running,False,False,False,False,False,False,False,False,False,False,False,False,False,False,False,False,False,False,True,False,False,False,False,False,False,False,True,False,False,False,False,False,False,False,False,False,False,False,False,False,False,False,True,False
2025-11-08,PROD_008,Reebok Floatride Energy 5,Running,Zapatillas Running,65,False,,65.86,,True,64.96,58.33,63.94,,,,2025,11,November,8,Saturday,5,True,False,,False,4,45,False,False,False,False,False,False,False,,,,,,,,,1.3230769230769222,,,Reebok Floatride Energy 5,Running,Zapatillas Running,False,False,False,False,False,False,False,False,False,False,False,False,False,False,False,False,False,False,True,False,False,False,False,False,False,False,True,False,False,False,False,False,False,False,False,False,False,False,False,False,False,False,True,False
2025-11-09,PROD_008,Reebok Floatride Energy 5,Running,Zapatillas Running,65,False,,63.9,,True,63.52,57.14,68.09,,,,2025,11,November,9,Sunday,6,True,False,,False,4,45,False,False,False,False,False,False,False,,,,,,,,,-1.6923076923076943,,,Reebok Floatride Energy 5,Running,Zapatillas Running,False,False,False,False,False,False,False,False,False,False,False,False,False,False,False,False,False,False,True,False,False,False,False,False,False,False,True,False,False,False,False,False,False,False,False,False,False,False,False,False,False,False,True,False
2025-11-10,PROD_008,Reebok Floatride Energy 5,Running,Zapatillas Running,65,False,,65.58,,True,63.95,58.38,68.5,,,,2025,11,November,10,Monday,0,False,False,,True,4,46,False,False,False,False,False,False,False,,,,,,,,,0.8923076923076897,,,Reebok Floatride Energy 5,Running,Zapatillas Running,False,False,False,False,False,False,False,False,False,False,False,False,False,False,False,False,False,False,True,False,False,False,False,False,False,False,True,False,False,False,False,False,False,False,False,False,False,False,False,False,False,False,True,False
2025-11-11,PROD_008,Reebok Floatride Energy 5,Running,Zapatillas Running,65,False,,64.53,,True,65.32,61.06,65.68,,,,2025,11,November,11,Tuesday,1,False,False,,True,4,46,False,False,False,False,False,False,False,,,,,,,,,-0.7230769230769213,,,Reebok Floatride Energy 5,Running,Zapatillas Running,False,False,False,False,False,False,False,False,False,False,False,False,False,False,False,False,False,False,True,False,False,False,False,False,False,False,True,False,False,False,False,False,False,False,False,False,False,False,False,False,False,False,True,False
2025-11-12,PROD_008,Reebok Floatride Energy 5,Running,Zapatillas Running,65,False,,65.3,,True,64.91,61.47,63.74,,,,2025,11,November,12,Wednesday,2,False,False,,True,4,46,False,False,False,False,False,False,False,,,,,,,,,0.4615384615384572,,,Reebok Floatride Energy 5,Running,Zapatillas Running,False,False,False,False,False,False,False,False,False,False,False,False,False,False,False,False,False,False,True,False,False,False,False,False,False,False,True,False,False,False,False,False,False,False,False,False,False,False,False,False,False,False,True,False
2025-11-13,PROD_008,Reebok Floatride Energy 5,Running,Zapatillas Running,65,False,,64.95,,True,69.64,61.17,65.75,,,,2025,11,November,13,Thursday,3,False,False,,True,4,46,False,False,False,False,False,False,False,,,,,,,,,-0.07692307692307256,,,Reebok Floatride Energy 5,Running,Zapatillas Running,False,False,False,False,False,False,False,False,False,False,False,False,False,False,False,False,False,False,True,False,False,False,False,False,False,False,True,False,False,False,False,False,False,False,False,False,False,False,False,False,False,False,True,False
2025-11-14,PROD_008,Reebok Floatride Energy 5,Running,Zapatillas Running,65,False,,66.26,,True,63.03,62.27,68.82,,,,2025,11,November,14,Friday,4,False,False,,True,4,46,False,False,False,False,False,False,False,,,,,,,,,1.9384615384615462,,,Reebok Floatride Energy 5,Running,Zapatillas Running,False,False,False,False,False,False,False,False,False,False,False,False,False,False,False,False,False,False,True,False,False,False,False,False,False,False,True,False,False,False,False,False,False,False,False,False,False,False,False,False,False,False,True,False
2025-11-15,PROD_008,Reebok Floatride Energy 5,Running,Zapatillas Running,65,False,,64.32,,True,62.76,58.66,63.04,,,,2025,11,November,15,Saturday,5,True,False,,False,4,46,False,False,False,False,False,False,False,,,,,,,,,-1.0461538461538566,,,Reebok Floatride Energy 5,Running,Zapatillas Running,False,False,False,False,False,False,False,False,False,False,False,False,False,False,False,False,False,False,True,False,False,False,False,False,False,False,True,False,False,False,False,False,False,False,False,False,False,False,False,False,False,False,True,False
2025-11-16,PROD_008,Reebok Floatride Energy 5,Running,Zapatillas Running,65,False,,64.45,,True,61.04,57.7,64.91,,,,2025,11,November,16,Sunday,6,True,False,,False,4,46,False,False,False,False,False,False,False,,,,,,,,,-0.8461538461538418,,,Reebok Floatride Energy 5,Running,Zapatillas Running,False,False,False,False,False,False,False,False,False,False,False,False,False,False,False,False,False,False,True,False,False,False,False,False,False,False,True,False,False,False,False,False,False,False,False,False,False,False,False,False,False,False,True,False
2025-11-17,PROD_008,Reebok Floatride Energy 5,Running,Zapatillas Running,65,False,,64.7,,True,65.45,57.08,66.65,,,,2025,11,November,17,Monday,0,False,False,,True,4,47,False,False,False,False,False,False,False,,,,,,,,,-0.4615384615384572,,,Reebok Floatride Energy 5,Running,Zapatillas Running,False,False,False,False,False,False,False,False,False,False,False,False,False,False,False,False,False,False,True,False,False,False,False,False,False,False,True,False,False,False,False,False,False,False,False,False,False,False,False,False,False,False,True,False
2025-11-18,PROD_008,Reebok Floatride Energy 5,Running,Zapatillas Running,65,False,,66.17,,True,68.13,58.84,64.87,,,,2025,11,November,18,Tuesday,1,False,False,,True,4,47,False,False,False,False,False,False,False,,,,,,,,,1.8000000000000027,,,Reebok Floatride Energy 5,Running,Zapatillas Running,False,False,False,False,False,False,False,False,False,False,False,False,False,False,False,False,False,False,True,False,False,False,False,False,False,False,True,False,False,False,False,False,False,False,False,False,False,False,False,False,False,False,True,False
2025-11-19,PROD_008,Reebok Floatride Energy 5,Running,Zapatillas Running,65,False,,65.29,,True,67.02,61.68,68.92,,,,2025,11,November,19,Wednesday,2,False,False,,True,4,47,False,False,False,False,False,False,False,,,,,,,,,0.4461538461538557,,,Reebok Floatride Energy 5,Running,Zapatillas Running,False,False,False,False,False,False,False,False,False,False,False,False,False,False,False,False,False,False,True,False,False,False,False,False,False,False,True,False,False,False,False,False,False,False,False,False,False,False,False,False,False,False,True,False
2025-11-20,PROD_008,Reebok Floatride Energy 5,Running,Zapatillas Running,65,False,,65.03,,True,62.35,58.19,63.48,,,,2025,11,November,20,Thursday,3,False,False,,True,4,47,False,False,False,False,False,False,False,,,,,,,,,0.046153846153847905,,,Reebok Floatride Energy 5,Running,Zapatillas Running,False,False,False,False,False,False,False,False,False,False,False,False,False,False,False,False,False,False,True,False,False,False,False,False,False,False,True,False,False,False,False,False,False,False,False,False,False,False,False,False,False,False,True,False
2025-11-21,PROD_008,Reebok Floatride Energy 5,Running,Zapatillas Running,65,False,,65.73,,True,62.64,58.26,64.58,,,,2025,11,November,21,Friday,4,False,False,,True,4,47,False,False,False,False,False,False,False,,,,,,,,,1.1230769230769293,,,Reebok Floatride Energy 5,Running,Zapatillas Running,False,False,False,False,False,False,False,False,False,False,False,False,False,False,False,False,False,False,True,False,False,False,False,False,False,False,True,False,False,False,False,False,False,False,False,False,False,False,False,False,False,False,True,False
2025-11-22,PROD_008,Reebok Floatride Energy 5,Running,Zapatillas Running,65,False,,66.22,,True,69.68,58.11,62.97,,,,2025,11,November,22,Saturday,5,True,False,,False,4,47,False,False,False,False,False,False,False,,,,,,,,,1.8769230769230754,,,Reebok Floatride Energy 5,Running,Zapatillas Running,False,False,False,False,False,False,False,False,False,False,False,False,False,False,False,False,False,False,True,False,False,False,False,False,False,False,True,False,False,False,False,False,False,False,False,False,False,False,False,False,False,False,True,False
2025-11-23,PROD_008,Reebok Floatride Energy 5,Running,Zapatillas Running,65,False,,65.82,,True,66.3,57.83,63.28,,,,2025,11,November,23,Sunday,6,True,False,,False,4,47,False,False,False,False,False,False,False,,,,,,,,,1.261538461538451,,,Reebok Floatride Energy 5,Running,Zapatillas Running,False,False,False,False,False,False,False,False,False,False,False,False,False,False,False,False,False,False,True,False,False,False,False,False,False,False,True,False,False,False,False,False,False,False,False,False,False,False,False,False,False,False,True,False
2025-11-24,PROD_008,Reebok Floatride Energy 5,Running,Zapatillas Running,65,False,,65.1,,True,70.13,62.97,63.5,,,,2025,11,November,24,Monday,0,False,False,,True,4,48,False,False,False,False,False,False,True,,,,,,,,,0.1538461538461451,,,Reebok Floatride Energy 5,Running,Zapatillas Running,False,False,False,False,False,False,False,False,False,False,False,False,False,False,False,False,False,False,True,False,False,False,False,False,False,False,True,False,False,False,False,False,False,False,False,False,False,False,False,False,False,False,True,False
2025-11-25,PROD_008,Reebok Floatride Energy 5,Running,Zapatillas Running,65,False,,66.01,,True,63.24,60.4,67.62,,,,2025,11,November,25,Tuesday,1,False,False,,True,4,48,False,False,True,False,False,False,True,,,,,,,,,1.5538461538461616,,,Reebok Floatride Energy 5,Running,Zapatillas Running,False,False,False,False,False,False,False,False,False,False,False,False,False,False,False,False,False,False,True,False,False,False,False,False,False,False,True,False,False,False,False,False,False,False,False,False,False,False,False,False,False,False,True,False
2025-11-26,PROD_008,Reebok Floatride Energy 5,Running,Zapatillas Running,65,False,,65.13,,True,63.99,57.64,61.64,,,,2025,11,November,26,Wednesday,2,False,False,,True,4,48,False,False,True,False,False,False,True,,,,,,,,,0.19999999999999302,,,Reebok Floatride Energy 5,Running,Zapatillas Running,False,False,False,False,False,False,False,False,False,False,False,False,False,False,False,False,False,False,True,False,False,False,False,False,False,False,True,False,False,False,False,False,False,False,False,False,False,False,False,False,False,False,True,False
2025-11-27,PROD_008,Reebok Floatride Energy 5,Running,Zapatillas Running,65,False,,65.58,,True,62.01,57.55,64.97,,,,2025,11,November,27,Thursday,3,False,False,,True,4,48,False,False,True,False,False,False,True,,,,,,,,,0.8923076923076897,,,Reebok Floatride Energy 5,Running,Zapatillas Running,False,False,False,False,False,False,False,False,False,False,False,False,False,False,False,False,False,False,True,False,False,False,False,False,False,False,True,False,False,False,False,False,False,False,False,False,False,False,False,False,False,False,True,False
2025-11-28,PROD_008,Reebok Floatride Energy 5,Running,Zapatillas Running,65,False,,55.25,,True,59.01,57.47,65.84,,,,2025,11,November,28,Friday,4,False,False,,True,4,48,False,False,True,False,True,False,True,,,,,,,,,-15.0,,,Reebok Floatride Energy 5,Running,Zapatillas Running,False,False,False,False,False,False,False,False,False,False,False,False,False,False,False,False,False,False,True,False,False,False,False,False,False,False,True,False,False,False,False,False,False,False,False,False,False,False,False,False,False,False,True,False
2025-11-29,PROD_008,Reebok Floatride Energy 5,Running,Zapatillas Running,65,False,,64.95,,True,68.91,59.99,68.2,,,,2025,11,November,29,Saturday,5,True,False,,False,4,48,False,False,True,False,False,False,True,,,,,,,,,-0.07692307692307256,,,Reebok Floatride Energy 5,Running,Zapatillas Running,False,False,False,False,False,False,False,False,False,False,False,False,False,False,False,False,False,False,True,False,False,False,False,False,False,False,True,False,False,False,False,False,False,False,False,False,False,False,False,False,False,False,True,False
2025-11-30,PROD_008,Reebok Floatride Energy 5,Running,Zapatillas Running,65,False,,65.17,,True,60.59,60.48,64.12,,,,2025,11,November,30,Sunday,6,True,False,,False,4,48,False,False,True,True,False,False,True,,,,,,,,,0.26153846153846416,,,Reebok Floatride Energy 5,Running,Zapatillas Running,False,False,False,False,False,False,False,False,False,False,False,False,False,False,False,False,False,False,True,False,False,False,False,False,False,False,True,False,False,False,False,False,False,False,False,False,False,False,False,False,False,False,True,False
2025-11-01,PROD_009,Bowflex SelectTech 552,Fitness,Mancuernas Ajustables,400,True,,400.0,,True,389.87,351.56,355.83,,,,2025,11,November,1,Saturday,5,True,False,,False,4,44,True,True,False,False,False,False,False,2.0,2.0,2.0,2.0,2.0,3.0,3.0,,0.0,,,Bowflex SelectTech 552,Fitness,Mancuernas Ajustables,False,False,False,True,False,False,False,False,False,False,False,False,False,False,False,False,False,False,False,False,False,False,False,False,True,False,False,False,False,False,False,False,False,False,False,True,False,False,False,False,False,False,False,False
2025-11-02,PROD_009,Bowflex SelectTech 552,Fitness,Mancuernas Ajustables,400,True,,400.0,,True,390.69,360.96,368.63,,,,2025,11,November,2,Sunday,6,True,False,,False,4,44,True,False,False,False,False,False,False,,2.0,2.0,2.0,2.0,2.0,3.0,,0.0,,,Bowflex SelectTech 552,Fitness,Mancuernas Ajustables,False,False,False,True,False,False,False,False,False,False,False,False,False,False,False,False,False,False,False,False,False,False,False,False,True,False,False,False,False,False,False,False,False,False,False,True,False,False,False,False,False,False,False,False
2025-11-03,PROD_009,Bowflex SelectTech 552,Fitness,Mancuernas Ajustables,400,True,,400.0,,True,392.69,330.84,371.11,,,,2025,11,November,3,Monday,0,False,False,,True,4,45,True,False,False,False,False,False,False,,,2.0,2.0,2.0,2.0,2.0,,0.0,,,Bowflex SelectTech 552,Fitness,Mancuernas Ajustables,False,False,False,True,False,False,False,False,False,False,False,False,False,False,False,False,False,False,False,False,False,False,False,False,True,False,False,False,False,False,False,False,False,False,False,True,False,False,False,False,False,False,False,False
2025-11-04,PROD_009,Bowflex SelectTech 552,Fitness,Mancuernas Ajustables,400,True,,400.0,,True,371.38,342.23,359.86,,,,2025,11,November,4,Tuesday,1,False,False,,True,4,45,True,False,False,False,False,False,False,,,,2.0,2.0,2.0,2.0,,0.0,,,Bowflex SelectTech 552,Fitness,Mancuernas Ajustables,False,False,False,True,False,False,False,False,False,False,False,False,False,False,False,False,False,False,False,False,False,False,False,False,True,False,False,False,False,False,False,False,False,False,False,True,False,False,False,False,False,False,False,False
2025-11-05,PROD_009,Bowflex SelectTech 552,Fitness,Mancuernas Ajustables,400,True,,400.0,,True,389.03,334.75,383.4,,,,2025,11,November,5,Wednesday,2,False,False,,True,4,45,True,False,False,False,False,False,False,,,,,2.0,2.0,2.0,,0.0,,,Bowflex SelectTech 552,Fitness,Mancuernas Ajustables,False,False,False,True,False,False,False,False,False,False,False,False,False,False,False,False,False,False,False,False,False,False,False,False,True,False,False,False,False,False,False,False,False,False,False,True,False,False,False,False,False,False,False,False
2025-11-06,PROD_009,Bowflex SelectTech 552,Fitness,Mancuernas Ajustables,400,True,,400.0,,True,393.77,360.03,352.09,,,,2025,11,November,6,Thursday,3,False,False,,True,4,45,True,False,False,False,False,False,False,,,,,,2.0,2.0,,0.0,,,Bowflex SelectTech 552,Fitness,Mancuernas Ajustables,False,False,False,True,False,False,False,False,False,False,False,False,False,False,False,False,False,False,False,False,False,False,False,False,True,False,False,False,False,False,False,False,False,False,False,True,False,False,False,False,False,False,False,False
2025-11-07,PROD_009,Bowflex SelectTech 552,Fitness,Mancuernas Ajustables,400,True,,400.0,,True,378.51,348.4,380.05,,,,2025,11,November,7,Friday,4,False,False,,True,4,45,True,False,False,False,False,False,False,,,,,,,2.0,,0.0,,,Bowflex SelectTech 552,Fitness,Mancuernas Ajustables,False,False,False,True,False,False,False,False,False,False,False,False,False,False,False,False,False,False,False,False,False,False,False,False,True,False,False,False,False,False,False,False,False,False,False,True,False,False,False,False,False,False,False,False
2025-11-08,PROD_009,Bowflex SelectTech 552,Fitness,Mancuernas Ajustables,400,True,,400.0,,True,370.35,336.54,381.55,,,,2025,11,November,8,Saturday,5,True,False,,False,4,45,False,False,False,False,False,False,False,,,,,,,,,0.0,,,Bowflex SelectTech 552,Fitness,Mancuernas Ajustables,False,False,False,True,False,False,False,False,False,False,False,False,False,False,False,False,False,False,False,False,False,False,False,False,True,False,False,False,False,False,False,False,False,False,False,True,False,False,False,False,False,False,False,False
2025-11-09,PROD_009,Bowflex SelectTech 552,Fitness,Mancuernas Ajustables,400,True,,400.0,,True,396.55,332.0,403.6,,,,2025,11,November,9,Sunday,6,True,False,,False,4,45,False,False,False,False,False,False,False,,,,,,,,,0.0,,,Bowflex SelectTech 552,Fitness,Mancuernas Ajustables,False,False,False,True,False,False,False,False,False,False,False,False,False,False,False,False,False,False,False,False,False,False,False,False,True,False,False,False,False,False,False,False,False,False,False,True,False,False,False,False,False,False,False,False
2025-11-10,PROD_009,Bowflex SelectTech 552,Fitness,Mancuernas Ajustables,400,True,,400.0,,True,390.11,337.48,360.11,,,,2025,11,November,10,Monday,0,False,False,,True,4,46,False,False,False,False,False,False,False,,,,,,,,,0.0,,,Bowflex SelectTech 552,Fitness,Mancuernas Ajustables,False,False,False,True,False,False,False,False,False,False,False,False,False,False,False,False,False,False,False,False,False,False,False,False,True,False,False,False,False,False,False,False,False,False,False,True,False,False,False,False,False,False,False,False
2025-11-11,PROD_009,Bowflex SelectTech 552,Fitness,Mancuernas Ajustables,400,True,,400.0,,True,392.99,358.55,361.34,,,,2025,11,November,11,Tuesday,1,False,False,,True,4,46,False,False,False,False,False,False,False,,,,,,,,,0.0,,,Bowflex SelectTech 552,Fitness,Mancuernas Ajustables,False,False,False,True,False,False,False,False,False,False,False,False,False,False,False,False,False,False,False,False,False,False,False,False,True,False,False,False,False,False,False,False,False,False,False,True,False,False,False,False,False,False,False,False
2025-11-12,PROD_009,Bowflex SelectTech 552,Fitness,Mancuernas Ajustables,400,True,,400.0,,True,371.63,349.05,374.41,,,,2025,11,November,12,Wednesday,2,False,False,,True,4,46,False,False,False,False,False,False,False,,,,,,,,,0.0,,,Bowflex SelectTech 552,Fitness,Mancuernas Ajustables,False,False,False,True,False,False,False,False,False,False,False,False,False,False,False,False,False,False,False,False,False,False,False,False,True,False,False,False,False,False,False,False,False,False,False,True,False,False,False,False,False,False,False,False
2025-11-13,PROD_009,Bowflex SelectTech 552,Fitness,Mancuernas Ajustables,400,True,,400.0,,True,397.06,327.61,365.89,,,,2025,11,November,13,Thursday,3,False,False,,True,4,46,False,False,False,False,False,False,False,,,,,,,,,0.0,,,Bowflex SelectTech 552,Fitness,Mancuernas Ajustables,False,False,False,True,False,False,False,False,False,False,False,False,False,False,False,False,False,False,False,False,False,False,False,False,True,False,False,False,False,False,False,False,False,False,False,True,False,False,False,False,False,False,False,False
2025-11-14,PROD_009,Bowflex SelectTech 552,Fitness,Mancuernas Ajustables,400,True,,400.0,,True,367.85,358.47,387.03,,,,2025,11,November,14,Friday,4,False,False,,True,4,46,False,False,False,False,False,False,False,,,,,,,,,0.0,,,Bowflex SelectTech 552,Fitness,Mancuernas Ajustables,False,False,False,True,False,False,False,False,False,False,False,False,False,False,False,False,False,False,False,False,False,False,False,False,True,False,False,False,False,False,False,False,False,False,False,True,False,False,False,False,False,False,False,False
2025-11-15,PROD_009,Bowflex SelectTech 552,Fitness,Mancuernas Ajustables,400,True,,400.0,,True,368.31,337.36,349.76,,,,2025,11,November,15,Saturday,5,True,False,,False,4,46,False,False,False,False,False,False,False,,,,,,,,,0.0,,,Bowflex SelectTech 552,Fitness,Mancuernas Ajustables,False,False,False,True,False,False,False,False,False,False,False,False,False,False,False,False,False,False,False,False,False,False,False,False,True,False,False,False,False,False,False,False,False,False,False,True,False,False,False,False,False,False,False,False
2025-11-16,PROD_009,Bowflex SelectTech 552,Fitness,Mancuernas Ajustables,400,True,,400.0,,True,375.84,336.27,363.56,,,,2025,11,November,16,Sunday,6,True,False,,False,4,46,False,False,False,False,False,False,False,,,,,,,,,0.0,,,Bowflex SelectTech 552,Fitness,Mancuernas Ajustables,False,False,False,True,False,False,False,False,False,False,False,False,False,False,False,False,False,False,False,False,False,False,False,False,True,False,False,False,False,False,False,False,False,False,False,True,False,False,False,False,False,False,False,False
2025-11-17,PROD_009,Bowflex SelectTech 552,Fitness,Mancuernas Ajustables,400,True,,400.0,,True,401.82,346.26,394.45,,,,2025,11,November,17,Monday,0,False,False,,True,4,47,False,False,False,False,False,False,False,,,,,,,,,0.0,,,Bowflex SelectTech 552,Fitness,Mancuernas Ajustables,False,False,False,True,False,False,False,False,False,False,False,False,False,False,False,False,False,False,False,False,False,False,False,False,True,False,False,False,False,False,False,False,False,False,False,True,False,False,False,False,False,False,False,False
2025-11-18,PROD_009,Bowflex SelectTech 552,Fitness,Mancuernas Ajustables,400,True,,400.0,,True,390.58,345.52,364.19,,,,2025,11,November,18,Tuesday,1,False,False,,True,4,47,False,False,False,False,False,False,False,,,,,,,,,0.0,,,Bowflex SelectTech 552,Fitness,Mancuernas Ajustables,False,False,False,True,False,False,False,False,False,False,False,False,False,False,False,False,False,False,False,False,False,False,False,False,True,False,False,False,False,False,False,False,False,False,False,True,False,False,False,False,False,False,False,False
2025-11-19,PROD_009,Bowflex SelectTech 552,Fitness,Mancuernas Ajustables,400,True,,400.0,,True,355.03,345.24,347.09,,,,2025,11,November,19,Wednesday,2,False,False,,True,4,47,False,False,False,False,False,False,False,,,,,,,,,0.0,,,Bowflex SelectTech 552,Fitness,Mancuernas Ajustables,False,False,False,True,False,False,False,False,False,False,False,False,False,False,False,False,False,False,False,False,False,False,False,False,True,False,False,False,False,False,False,False,False,False,False,True,False,False,False,False,False,False,False,False
2025-11-20,PROD_009,Bowflex SelectTech 552,Fitness,Mancuernas Ajustables,400,True,,400.0,,True,407.09,350.88,374.34,,,,2025,11,November,20,Thursday,3,False,False,,True,4,47,False,False,False,False,False,False,False,,,,,,,,,0.0,,,Bowflex SelectTech 552,Fitness,Mancuernas Ajustables,False,False,False,True,False,False,False,False,False,False,False,False,False,False,False,False,False,False,False,False,False,False,False,False,True,False,False,False,False,False,False,False,False,False,False,True,False,False,False,False,False,False,False,False
2025-11-21,PROD_009,Bowflex SelectTech 552,Fitness,Mancuernas Ajustables,400,True,,400.0,,True,381.57,361.0,333.2,,,,2025,11,November,21,Friday,4,False,False,,True,4,47,False,False,False,False,False,False,False,,,,,,,,,0.0,,,Bowflex SelectTech 552,Fitness,Mancuernas Ajustables,False,False,False,True,False,False,False,False,False,False,False,False,False,False,False,False,False,False,False,False,False,False,False,False,True,False,False,False,False,False,False,False,False,False,False,True,False,False,False,False,False,False,False,False
2025-11-22,PROD_009,Bowflex SelectTech 552,Fitness,Mancuernas Ajustables,400,True,,400.0,,True,404.69,337.42,363.65,,,,2025,11,November,22,Saturday,5,True,False,,False,4,47,False,False,False,False,False,False,False,,,,,,,,,0.0,,,Bowflex SelectTech 552,Fitness,Mancuernas Ajustables,False,False,False,True,False,False,False,False,False,False,False,False,False,False,False,False,False,False,False,False,False,False,False,False,True,False,False,False,False,False,False,False,False,False,False,True,False,False,False,False,False,False,False,False
2025-11-23,PROD_009,Bowflex SelectTech 552,Fitness,Mancuernas Ajustables,400,True,,400.0,,True,387.98,348.33,381.17,,,,2025,11,November,23,Sunday,6,True,False,,False,4,47,False,False,False,False,False,False,False,,,,,,,,,0.0,,,Bowflex SelectTech 552,Fitness,Mancuernas Ajustables,False,False,False,True,False,False,False,False,False,False,False,False,False,False,False,False,False,False,False,False,False,False,False,False,True,False,False,False,False,False,False,False,False,False,False,True,False,False,False,False,False,False,False,False
2025-11-24,PROD_009,Bowflex SelectTech 552,Fitness,Mancuernas Ajustables,400,True,,400.0,,True,400.75,347.69,345.7,,,,2025,11,November,24,Monday,0,False,False,,True,4,48,False,False,False,False,False,False,True,,,,,,,,,0.0,,,Bowflex SelectTech 552,Fitness,Mancuernas Ajustables,False,False,False,True,False,False,False,False,False,False,False,False,False,False,False,False,False,False,False,False,False,False,False,False,True,False,False,False,False,False,False,False,False,False,False,True,False,False,False,False,False,False,False,False
2025-11-25,PROD_009,Bowflex SelectTech 552,Fitness,Mancuernas Ajustables,400,True,,400.0,,True,385.16,349.89,365.86,,,,2025,11,November,25,Tuesday,1,False,False,,True,4,48,False,False,True,False,False,False,True,,,,,,,,,0.0,,,Bowflex SelectTech 552,Fitness,Mancuernas Ajustables,False,False,False,True,False,False,False,False,False,False,False,False,False,False,False,False,False,False,False,False,False,False,False,False,True,False,False,False,False,False,False,False,False,False,False,True,False,False,False,False,False,False,False,False
2025-11-26,PROD_009,Bowflex SelectTech 552,Fitness,Mancuernas Ajustables,400,True,,400.0,,True,402.82,368.78,381.1,,,,2025,11,November,26,Wednesday,2,False,False,,True,4,48,False,False,True,False,False,False,True,,,,,,,,,0.0,,,Bowflex SelectTech 552,Fitness,Mancuernas Ajustables,False,False,False,True,False,False,False,False,False,False,False,False,False,False,False,False,False,False,False,False,False,False,False,False,True,False,False,False,False,False,False,False,False,False,False,True,False,False,False,False,False,False,False,False
2025-11-27,PROD_009,Bowflex SelectTech 552,Fitness,Mancuernas Ajustables,400,True,,400.0,,True,382.2,337.2,386.86,,,,2025,11,November,27,Thursday,3,False,False,,True,4,48,False,False,True,False,False,False,True,,,,,,,,,0.0,,,Bowflex SelectTech 552,Fitness,Mancuernas Ajustables,False,False,False,True,False,False,False,False,False,False,False,False,False,False,False,False,False,False,False,False,False,False,False,False,True,False,False,False,False,False,False,False,False,False,False,True,False,False,False,False,False,False,False,False
2025-11-28,PROD_009,Bowflex SelectTech 552,Fitness,Mancuernas Ajustables,400,True,,340.0,,True,379.53,306.81,334.33,,,,2025,11,November,28,Friday,4,False,False,,True,4,48,False,False,True,False,True,False,True,,,,,,,,,-15.0,,,Bowflex SelectTech 552,Fitness,Mancuernas Ajustables,False,False,False,True,False,False,False,False,False,False,False,False,False,False,False,False,False,False,False,False,False,False,False,False,True,False,False,False,False,False,False,False,False,False,False,True,False,False,False,False,False,False,False,False
2025-11-29,PROD_009,Bowflex SelectTech 552,Fitness,Mancuernas Ajustables,400,True,,400.0,,True,362.06,335.4,368.86,,,,2025,11,November,29,Saturday,5,True,False,,False,4,48,False,False,True,False,False,False,True,,,,,,,,,0.0,,,Bowflex SelectTech 552,Fitness,Mancuernas Ajustables,False,False,False,True,False,False,False,False,False,False,False,False,False,False,False,False,False,False,False,False,False,False,False,False,True,False,False,False,False,False,False,False,False,False,False,True,False,False,False,False,False,False,False,False
2025-11-30,PROD_009,Bowflex SelectTech 552,Fitness,Mancuernas Ajustables,400,True,,400.0,,True,422.4,344.71,388.63,,,,2025,11,November,30,Sunday,6,True,False,,False,4,48,False,False,True,True,False,False,True,,,,,,,,,0.0,,,Bowflex SelectTech 552,Fitness,Mancuernas Ajustables,False,False,False,True,False,False,False,False,False,False,False,False,False,False,False,False,False,False,False,False,False,False,False,False,True,False,False,False,False,False,False,False,False,False,False,True,False,False,False,False,False,False,False,False
2025-11-01,PROD_010,Domyos BM900,Fitness,Banco Gimnasio,175,True,,175.0,,True,199.88,158.87,160.44,,,,2025,11,November,1,Saturday,5,True,False,,False,4,44,True,True,False,False,False,False,False,3.0,2.0,2.0,3.0,2.0,3.0,3.0,,0.0,,,Domyos BM900,Fitness,Banco Gimnasio,False,False,False,False,False,False,True,False,False,False,False,False,False,False,False,False,False,False,False,False,False,False,False,False,True,False,False,False,True,False,False,False,False,False,False,False,False,False,False,False,False,False,False,False
2025-11-02,PROD_010,Domyos BM900,Fitness,Banco Gimnasio,175,True,,175.0,,True,196.2,153.19,187.25,,,,2025,11,November,2,Sunday,6,True,False,,False,4,44,True,False,False,False,False,False,False,,3.0,2.0,2.0,3.0,2.0,3.0,,0.0,,,Domyos BM900,Fitness,Banco Gimnasio,False,False,False,False,False,False,True,False,False,False,False,False,False,False,False,False,False,False,False,False,False,False,False,False,True,False,False,False,True,False,False,False,False,False,False,False,False,False,False,False,False,False,False,False
2025-11-03,PROD_010,Domyos BM900,Fitness,Banco Gimnasio,175,True,,175.0,,True,183.74,146.42,173.46,,,,2025,11,November,3,Monday,0,False,False,,True,4,45,True,False,False,False,False,False,False,,,3.0,2.0,2.0,3.0,2.0,,0.0,,,Domyos BM900,Fitness,Banco Gimnasio,False,False,False,False,False,False,True,False,False,False,False,False,False,False,False,False,False,False,False,False,False,False,False,False,True,False,False,False,True,False,False,False,False,False,False,False,False,False,False,False,False,False,False,False
2025-11-04,PROD_010,Domyos BM900,Fitness,Banco Gimnasio,175,True,,175.0,,True,183.96,170.62,154.76,,,,2025,11,November,4,Tuesday,1,False,False,,True,4,45,True,False,False,False,False,False,False,,,,3.0,2.0,2.0,3.0,,0.0,,,Domyos BM900,Fitness,Banco Gimnasio,False,False,False,False,False,False,True,False,False,False,False,False,False,False,False,False,False,False,False,False,False,False,False,False,True,False,False,False,True,False,False,False,False,False,False,False,False,False,False,False,False,False,False,False
2025-11-05,PROD_010,Domyos BM900,Fitness,Banco Gimnasio,175,True,,175.0,,True,176.15,154.34,174.69,,,,2025,11,November,5,Wednesday,2,False,False,,True,4,45,True,False,False,False,False,False,False,,,,,3.0,2.0,2.0,,0.0,,,Domyos BM900,Fitness,Banco Gimnasio,False,False,False,False,False,False,True,False,False,False,False,False,False,False,False,False,False,False,False,False,False,False,False,False,True,False,False,False,True,False,False,False,False,False,False,False,False,False,False,False,False,False,False,False
2025-11-06,PROD_010,Domyos BM900,Fitness,Banco Gimnasio,175,True,,175.0,,True,182.69,139.83,161.85,,,,2025,11,November,6,Thursday,3,False,False,,True,4,45,True,False,False,False,False,False,False,,,,,,3.0,2.0,,0.0,,,Domyos BM900,Fitness,Banco Gimnasio,False,False,False,False,False,False,True,False,False,False,False,False,False,False,False,False,False,False,False,False,False,False,False,False,True,False,False,False,True,False,False,False,False,False,False,False,False,False,False,False,False,False,False,False
2025-11-07,PROD_010,Domyos BM900,Fitness,Banco Gimnasio,175,True,,175.0,,True,197.38,145.69,187.25,,,,2025,11,November,7,Friday,4,False,False,,True,4,45,True,False,False,False,False,False,False,,,,,,,3.0,,0.0,,,Domyos BM900,Fitness,Banco Gimnasio,False,False,False,False,False,False,True,False,False,False,False,False,False,False,False,False,False,False,False,False,False,False,False,False,True,False,False,False,True,False,False,False,False,False,False,False,False,False,False,False,False,False,False,False
2025-11-08,PROD_010,Domyos BM900,Fitness,Banco Gimnasio,175,True,,175.0,,True,188.67,155.06,171.44,,,,2025,11,November,8,Saturday,5,True,False,,False,4,45,False,False,False,False,False,False,False,,,,,,,,,0.0,,,Domyos BM900,Fitness,Banco Gimnasio,False,False,False,False,False,False,True,False,False,False,False,False,False,False,False,False,False,False,False,False,False,False,False,False,True,False,False,False,True,False,False,False,False,False,False,False,False,False,False,False,False,False,False,False
2025-11-09,PROD_010,Domyos BM900,Fitness,Banco Gimnasio,175,True,,175.0,,True,174.25,145.88,180.18,,,,2025,11,November,9,Sunday,6,True,False,,False,4,45,False,False,False,False,False,False,False,,,,,,,,,0.0,,,Domyos BM900,Fitness,Banco Gimnasio,False,False,False,False,False,False,True,False,False,False,False,False,False,False,False,False,False,False,False,False,False,False,False,False,True,False,False,False,True,False,False,False,False,False,False,False,False,False,False,False,False,False,False,False
2025-11-10,PROD_010,Domyos BM900,Fitness,Banco Gimnasio,175,True,,175.0,,True,185.3,144.07,158.63,,,,2025,11,November,10,Monday,0,False,False,,True,4,46,False,False,False,False,False,False,False,,,,,,,,,0.0,,,Domyos BM900,Fitness,Banco Gimnasio,False,False,False,False,False,False,True,False,False,False,False,False,False,False,False,False,False,False,False,False,False,False,False,False,True,False,False,False,True,False,False,False,False,False,False,False,False,False,False,False,False,False,False,False
2025-11-11,PROD_010,Domyos BM900,Fitness,Banco Gimnasio,175,True,,175.0,,True,185.23,155.32,171.27,,,,2025,11,November,11,Tuesday,1,False,False,,True,4,46,False,False,False,False,False,False,False,,,,,,,,,0.0,,,Domyos BM900,Fitness,Banco Gimnasio,False,False,False,False,False,False,True,False,False,False,False,False,False,False,False,False,False,False,False,False,False,False,False,False,True,False,False,False,True,False,False,False,False,False,False,False,False,False,False,False,False,False,False,False
2025-11-12,PROD_010,Domyos BM900,Fitness,Banco Gimnasio,175,True,,175.0,,True,199.97,162.54,165.6,,,,2025,11,November,12,Wednesday,2,False,False,,True,4,46,False,False,False,False,False,False,False,,,,,,,,,0.0,,,Domyos BM900,Fitness,Banco Gimnasio,False,False,False,False,False,False,True,False,False,False,False,False,False,False,False,False,False,False,False,False,False,False,False,False,True,False,False,False,True,False,False,False,False,False,False,False,False,False,False,False,False,False,False,False
2025-11-13,PROD_010,Domyos BM900,Fitness,Banco Gimnasio,175,True,,175.0,,True,184.3,159.19,176.43,,,,2025,11,November,13,Thursday,3,False,False,,True,4,46,False,False,False,False,False,False,False,,,,,,,,,0.0,,,Domyos BM900,Fitness,Banco Gimnasio,False,False,False,False,False,False,True,False,False,False,False,False,False,False,False,False,False,False,False,False,False,False,False,False,True,False,False,False,True,False,False,False,False,False,False,False,False,False,False,False,False,False,False,False
2025-11-14,PROD_010,Domyos BM900,Fitness,Banco Gimnasio,175,True,,175.0,,True,167.53,146.11,153.65,,,,2025,11,November,14,Friday,4,False,False,,True,4,46,False,False,False,False,False,False,False,,,,,,,,,0.0,,,Domyos BM900,Fitness,Banco Gimnasio,False,False,False,False,False,False,True,False,False,False,False,False,False,False,False,False,False,False,False,False,False,False,False,False,True,False,False,False,True,False,False,False,False,False,False,False,False,False,False,False,False,False,False,False
2025-11-15,PROD_010,Domyos BM900,Fitness,Banco Gimnasio,175,True,,175.0,,True,182.67,162.58,162.17,,,,2025,11,November,15,Saturday,5,True,False,,False,4,46,False,False,False,False,False,False,False,,,,,,,,,0.0,,,Domyos BM900,Fitness,Banco Gimnasio,False,False,False,False,False,False,True,False,False,False,False,False,False,False,False,False,False,False,False,False,False,False,False,False,True,False,False,False,True,False,False,False,False,False,False,False,False,False,False,False,False,False,False,False
2025-11-16,PROD_010,Domyos BM900,Fitness,Banco Gimnasio,175,True,,175.0,,True,165.38,143.56,181.93,,,,2025,11,November,16,Sunday,6,True,False,,False,4,46,False,False,False,False,False,False,False,,,,,,,,,0.0,,,Domyos BM900,Fitness,Banco Gimnasio,False,False,False,False,False,False,True,False,False,False,False,False,False,False,False,False,False,False,False,False,False,False,False,False,True,False,False,False,True,False,False,False,False,False,False,False,False,False,False,False,False,False,False,False
2025-11-17,PROD_010,Domyos BM900,Fitness,Banco Gimnasio,175,True,,175.0,,True,183.92,148.59,183.24,,,,2025,11,November,17,Monday,0,False,False,,True,4,47,False,False,False,False,False,False,False,,,,,,,,,0.0,,,Domyos BM900,Fitness,Banco Gimnasio,False,False,False,False,False,False,True,False,False,False,False,False,False,False,False,False,False,False,False,False,False,False,False,False,True,False,False,False,True,False,False,False,False,False,False,False,False,False,False,False,False,False,False,False
2025-11-18,PROD_010,Domyos BM900,Fitness,Banco Gimnasio,175,True,,175.0,,True,175.12,150.78,176.8,,,,2025,11,November,18,Tuesday,1,False,False,,True,4,47,False,False,False,False,False,False,False,,,,,,,,,0.0,,,Domyos BM900,Fitness,Banco Gimnasio,False,False,False,False,False,False,True,False,False,False,False,False,False,False,False,False,False,False,False,False,False,False,False,False,True,False,False,False,True,False,False,False,False,False,False,False,False,False,False,False,False,False,False,False
2025-11-19,PROD_010,Domyos BM900,Fitness,Banco Gimnasio,175,True,,175.0,,True,177.41,155.59,163.22,,,,2025,11,November,19,Wednesday,2,False,False,,True,4,47,False,False,False,False,False,False,False,,,,,,,,,0.0,,,Domyos BM900,Fitness,Banco Gimnasio,False,False,False,False,False,False,True,False,False,False,False,False,False,False,False,False,False,False,False,False,False,False,False,False,True,False,False,False,True,False,False,False,False,False,False,False,False,False,False,False,False,False,False,False
2025-11-20,PROD_010,Domyos BM900,Fitness,Banco Gimnasio,175,True,,175.0,,True,179.55,151.47,166.82,,,,2025,11,November,20,Thursday,3,False,False,,True,4,47,False,False,False,False,False,False,False,,,,,,,,,0.0,,,Domyos BM900,Fitness,Banco Gimnasio,False,False,False,False,False,False,True,False,False,False,False,False,False,False,False,False,False,False,False,False,False,False,False,False,True,False,False,False,True,False,False,False,False,False,False,False,False,False,False,False,False,False,False,False
2025-11-21,PROD_010,Domyos BM900,Fitness,Banco Gimnasio,175,True,,175.0,,True,185.33,161.16,158.03,,,,2025,11,November,21,Friday,4,False,False,,True,4,47,False,False,False,False,False,False,False,,,,,,,,,0.0,,,Domyos BM900,Fitness,Banco Gimnasio,False,False,False,False,False,False,True,False,False,False,False,False,False,False,False,False,False,False,False,False,False,False,False,False,True,False,False,False,True,False,False,False,False,False,False,False,False,False,False,False,False,False,False,False
2025-11-22,PROD_010,Domyos BM900,Fitness,Banco Gimnasio,175,True,,175.0,,True,174.49,151.8,173.62,,,,2025,11,November,22,Saturday,5,True,False,,False,4,47,False,False,False,False,False,False,False,,,,,,,,,0.0,,,Domyos BM900,Fitness,Banco Gimnasio,False,False,False,False,False,False,True,False,False,False,False,False,False,False,False,False,False,False,False,False,False,False,False,False,True,False,False,False,True,False,False,False,False,False,False,False,False,False,False,False,False,False,False,False
2025-11-23,PROD_010,Domyos BM900,Fitness,Banco Gimnasio,175,True,,175.0,,True,187.52,156.95,163.81,,,,2025,11,November,23,Sunday,6,True,False,,False,4,47,False,False,False,False,False,False,False,,,,,,,,,0.0,,,Domyos BM900,Fitness,Banco Gimnasio,False,False,False,False,False,False,True,False,False,False,False,False,False,False,False,False,False,False,False,False,False,False,False,False,True,False,False,False,True,False,False,False,False,False,False,False,False,False,False,False,False,False,False,False
2025-11-24,PROD_010,Domyos BM900,Fitness,Banco Gimnasio,175,True,,175.0,,True,171.67,152.64,184.47,,,,2025,11,November,24,Monday,0,False,False,,True,4,48,False,False,False,False,False,False,True,,,,,,,,,0.0,,,Domyos BM900,Fitness,Banco Gimnasio,False,False,False,False,False,False,True,False,False,False,False,False,False,False,False,False,False,False,False,False,False,False,False,False,True,False,False,False,True,False,False,False,False,False,False,False,False,False,False,False,False,False,False,False
2025-11-25,PROD_010,Domyos BM900,Fitness,Banco Gimnasio,175,True,,175.0,,True,178.11,151.01,170.17,,,,2025,11,November,25,Tuesday,1,False,False,,True,4,48,False,False,True,False,False,False,True,,,,,,,,,0.0,,,Domyos BM900,Fitness,Banco Gimnasio,False,False,False,False,False,False,True,False,False,False,False,False,False,False,False,False,False,False,False,False,False,False,False,False,True,False,False,False,True,False,False,False,False,False,False,False,False,False,False,False,False,False,False,False
2025-11-26,PROD_010,Domyos BM900,Fitness,Banco Gimnasio,175,True,,175.0,,True,173.15,151.19,174.56,,,,2025,11,November,26,Wednesday,2,False,False,,True,4,48,False,False,True,False,False,False,True,,,,,,,,,0.0,,,Domyos BM900,Fitness,Banco Gimnasio,False,False,False,False,False,False,True,False,False,False,False,False,False,False,False,False,False,False,False,False,False,False,False,False,True,False,False,False,True,False,False,False,False,False,False,False,False,False,False,False,False,False,False,False
2025-11-27,PROD_010,Domyos BM900,Fitness,Banco Gimnasio,175,True,,175.0,,True,176.94,144.38,157.37,,,,2025,11,November,27,Thursday,3,False,False,,True,4,48,False,False,True,False,False,False,True,,,,,,,,,0.0,,,Domyos BM900,Fitness,Banco Gimnasio,False,False,False,False,False,False,True,False,False,False,False,False,False,False,False,False,False,False,False,False,False,False,False,False,True,False,False,False,True,False,False,False,False,False,False,False,False,False,False,False,False,False,False,False
2025-11-28,PROD_010,Domyos BM900,Fitness,Banco Gimnasio,175,True,,148.75,,True,184.16,151.84,163.84,,,,2025,11,November,28,Friday,4,False,False,,True,4,48,False,False,True,False,True,False,True,,,,,,,,,-15.0,,,Domyos BM900,Fitness,Banco Gimnasio,False,False,False,False,False,False,True,False,False,False,False,False,False,False,False,False,False,False,False,False,False,False,False,False,True,False,False,False,True,False,False,False,False,False,False,False,False,False,False,False,False,False,False,False
2025-11-29,PROD_010,Domyos BM900,Fitness,Banco Gimnasio,175,True,,175.0,,True,187.85,149.64,172.02,,,,2025,11,November,29,Saturday,5,True,False,,False,4,48,False,False,True,False,False,False,True,,,,,,,,,0.0,,,Domyos BM900,Fitness,Banco Gimnasio,False,False,False,False,False,False,True,False,False,False,False,False,False,False,False,False,False,False,False,False,False,False,False,False,True,False,False,False,True,False,False,False,False,False,False,False,False,False,False,False,False,False,False,False
2025-11-30,PROD_010,Domyos BM900,Fitness,Banco Gimnasio,175,True,,175.0,,True,176.95,154.96,185.32,,,,2025,11,November,30,Sunday,6,True,False,,False,4,48,False,False,True,True,False,False,True,,,,,,,,,0.0,,,Domyos BM900,Fitness,Banco Gimnasio,False,False,False,False,False,False,True,False,False,False,False,False,False,False,False,False,False,False,False,False,False,False,False,False,True,False,False,False,True,False,False,False,False,False,False,False,False,False,False,False,False,False,False,False
2025-11-01,PROD_011,Reebok Professional Deck,Fitness,Esterilla Fitness,45,False,,44.22,,True,47.31,39.68,45.16,,,,2025,11,November,1,Saturday,5,True,False,,False,4,44,True,True,False,False,False,False,False,7.0,5.0,1.0,6.0,4.0,6.0,7.0,,-1.733333333333336,,,Reebok Professional Deck,Fitness,Esterilla Fitness,False,False,False,False,False,False,False,False,False,False,False,False,False,False,False,False,False,False,False,True,False,False,False,False,True,False,False,False,False,False,False,False,False,True,False,False,False,False,False,False,False,False,False,False
2025-11-02,PROD_011,Reebok Professional Deck,Fitness,Esterilla Fitness,45,False,,44.72,,True,43.5,40.48,45.15,,,,2025,11,November,2,Sunday,6,True,False,,False,4,44,True,False,False,False,False,False,False,,7.0,5.0,1.0,6.0,4.0,6.0,,-0.6222222222222248,,,Reebok Professional Deck,Fitness,Esterilla Fitness,False,False,False,False,False,False,False,False,False,False,False,False,False,False,False,False,False,False,False,True,False,False,False,False,True,False,False,False,False,False,False,False,False,True,False,False,False,False,False,False,False,False,False,False
2025-11-03,PROD_011,Reebok Professional Deck,Fitness,Esterilla Fitness,45,False,,45.67,,True,43.81,41.72,47.58,,,,2025,11,November,3,Monday,0,False,False,,True,4,45,True,False,False,False,False,False,False,,,7.0,5.0,1.0,6.0,4.0,,1.4888888888888927,,,Reebok Professional Deck,Fitness,Esterilla Fitness,False,False,False,False,False,False,False,False,False,False,False,False,False,False,False,False,False,False,False,True,False,False,False,False,True,False,False,False,False,False,False,False,False,True,False,False,False,False,False,False,False,False,False,False
2025-11-04,PROD_011,Reebok Professional Deck,Fitness,Esterilla Fitness,45,False,,45.33,,True,44.87,38.7,44.25,,,,2025,11,November,4,Tuesday,1,False,False,,True,4,45,True,False,False,False,False,False,False,,,,7.0,5.0,1.0,6.0,,0.7333333333333295,,,Reebok Professional Deck,Fitness,Esterilla Fitness,False,False,False,False,False,False,False,False,False,False,False,False,False,False,False,False,False,False,False,True,False,False,False,False,True,False,False,False,False,False,False,False,False,True,False,False,False,False,False,False,False,False,False,False
2025-11-05,PROD_011,Reebok Professional Deck,Fitness,Esterilla Fitness,45,False,,45.89,,True,41.9,37.98,45.68,,,,2025,11,November,5,Wednesday,2,False,False,,True,4,45,True,False,False,False,False,False,False,,,,,7.0,5.0,1.0,,1.977777777777779,,,Reebok Professional Deck,Fitness,Esterilla Fitness,False,False,False,False,False,False,False,False,False,False,False,False,False,False,False,False,False,False,False,True,False,False,False,False,True,False,False,False,False,False,False,False,False,True,False,False,False,False,False,False,False,False,False,False
2025-11-06,PROD_011,Reebok Professional Deck,Fitness,Esterilla Fitness,45,False,,45.35,,True,43.93,42.81,47.15,,,,2025,11,November,6,Thursday,3,False,False,,True,4,45,True,False,False,False,False,False,False,,,,,,7.0,5.0,,0.777777777777781,,,Reebok Professional Deck,Fitness,Esterilla Fitness,False,False,False,False,False,False,False,False,False,False,False,False,False,False,False,False,False,False,False,True,False,False,False,False,True,False,False,False,False,False,False,False,False,True,False,False,False,False,False,False,False,False,False,False
2025-11-07,PROD_011,Reebok Professional Deck,Fitness,Esterilla Fitness,45,False,,44.59,,True,46.41,41.03,48.06,,,,2025,11,November,7,Friday,4,False,False,,True,4,45,True,False,False,False,False,False,False,,,,,,,7.0,,-0.9111111111111035,,,Reebok Professional Deck,Fitness,Esterilla Fitness,False,False,False,False,False,False,False,False,False,False,False,False,False,False,False,False,False,False,False,True,False,False,False,False,True,False,False,False,False,False,False,False,False,True,False,False,False,False,False,False,False,False,False,False
2025-11-08,PROD_011,Reebok Professional Deck,Fitness,Esterilla Fitness,45,False,,44.82,,True,42.71,42.48,44.59,,,,2025,11,November,8,Saturday,5,True,False,,False,4,45,False,False,False,False,False,False,False,,,,,,,,,-0.3999999999999994,,,Reebok Professional Deck,Fitness,Esterilla Fitness,False,False,False,False,False,False,False,False,False,False,False,False,False,False,False,False,False,False,False,True,False,False,False,False,True,False,False,False,False,False,False,False,False,True,False,False,False,False,False,False,False,False,False,False
2025-11-09,PROD_011,Reebok Professional Deck,Fitness,Esterilla Fitness,45,False,,44.51,,True,42.32,43.27,44.8,,,,2025,11,November,9,Sunday,6,True,False,,False,4,45,False,False,False,False,False,False,False,,,,,,,,,-1.0888888888888932,,,Reebok Professional Deck,Fitness,Esterilla Fitness,False,False,False,False,False,False,False,False,False,False,False,False,False,False,False,False,False,False,False,True,False,False,False,False,True,False,False,False,False,False,False,False,False,True,False,False,False,False,False,False,False,False,False,False
2025-11-10,PROD_011,Reebok Professional Deck,Fitness,Esterilla Fitness,45,False,,45.84,,True,47.41,41.57,44.55,,,,2025,11,November,10,Monday,0,False,False,,True,4,46,False,False,False,False,False,False,False,,,,,,,,,1.866666666666674,,,Reebok Professional Deck,Fitness,Esterilla Fitness,False,False,False,False,False,False,False,False,False,False,False,False,False,False,False,False,False,False,False,True,False,False,False,False,True,False,False,False,False,False,False,False,False,True,False,False,False,False,False,False,False,False,False,False
2025-11-11,PROD_011,Reebok Professional Deck,Fitness,Esterilla Fitness,45,False,,45.5,,True,46.23,41.83,46.02,,,,2025,11,November,11,Tuesday,1,False,False,,True,4,46,False,False,False,False,False,False,False,,,,,,,,,1.1111111111111112,,,Reebok Professional Deck,Fitness,Esterilla Fitness,False,False,False,False,False,False,False,False,False,False,False,False,False,False,False,False,False,False,False,True,False,False,False,False,True,False,False,False,False,False,False,False,False,True,False,False,False,False,False,False,False,False,False,False
2025-11-12,PROD_011,Reebok Professional Deck,Fitness,Esterilla Fitness,45,False,,44.34,,True,47.86,42.99,45.77,,,,2025,11,November,12,Wednesday,2,False,False,,True,4,46,False,False,False,False,False,False,False,,,,,,,,,-1.466666666666659,,,Reebok Professional Deck,Fitness,Esterilla Fitness,False,False,False,False,False,False,False,False,False,False,False,False,False,False,False,False,False,False,False,True,False,False,False,False,True,False,False,False,False,False,False,False,False,True,False,False,False,False,False,False,False,False,False,False
2025-11-13,PROD_011,Reebok Professional Deck,Fitness,Esterilla Fitness,45,False,,44.97,,True,43.56,43.79,44.87,,,,2025,11,November,13,Thursday,3,False,False,,True,4,46,False,False,False,False,False,False,False,,,,,,,,,-0.06666666666666919,,,Reebok Professional Deck,Fitness,Esterilla Fitness,False,False,False,False,False,False,False,False,False,False,False,False,False,False,False,False,False,False,False,True,False,False,False,False,True,False,False,False,False,False,False,False,False,True,False,False,False,False,False,False,False,False,False,False
2025-11-14,PROD_011,Reebok Professional Deck,Fitness,Esterilla Fitness,45,False,,44.22,,True,41.93,38.86,45.89,,,,2025,11,November,14,Friday,4,False,False,,True,4,46,False,False,False,False,False,False,False,,,,,,,,,-1.733333333333336,,,Reebok Professional Deck,Fitness,Esterilla Fitness,False,False,False,False,False,False,False,False,False,False,False,False,False,False,False,False,False,False,False,True,False,False,False,False,True,False,False,False,False,False,False,False,False,True,False,False,False,False,False,False,False,False,False,False
2025-11-15,PROD_011,Reebok Professional Deck,Fitness,Esterilla Fitness,45,False,,45.54,,True,44.05,38.43,44.17,,,,2025,11,November,15,Saturday,5,True,False,,False,4,46,False,False,False,False,False,False,False,,,,,,,,,1.1999999999999982,,,Reebok Professional Deck,Fitness,Esterilla Fitness,False,False,False,False,False,False,False,False,False,False,False,False,False,False,False,False,False,False,False,True,False,False,False,False,True,False,False,False,False,False,False,False,False,True,False,False,False,False,False,False,False,False,False,False
2025-11-16,PROD_011,Reebok Professional Deck,Fitness,Esterilla Fitness,45,False,,45.18,,True,39.8,42.66,43.09,,,,2025,11,November,16,Sunday,6,True,False,,False,4,46,False,False,False,False,False,False,False,,,,,,,,,0.3999999999999994,,,Reebok Professional Deck,Fitness,Esterilla Fitness,False,False,False,False,False,False,False,False,False,False,False,False,False,False,False,False,False,False,False,True,False,False,False,False,True,False,False,False,False,False,False,False,False,True,False,False,False,False,False,False,False,False,False,False
2025-11-17,PROD_011,Reebok Professional Deck,Fitness,Esterilla Fitness,45,False,,45.65,,True,42.93,41.1,44.93,,,,2025,11,November,17,Monday,0,False,False,,True,4,47,False,False,False,False,False,False,False,,,,,,,,,1.4444444444444413,,,Reebok Professional Deck,Fitness,Esterilla Fitness,False,False,False,False,False,False,False,False,False,False,False,False,False,False,False,False,False,False,False,True,False,False,False,False,True,False,False,False,False,False,False,False,False,True,False,False,False,False,False,False,False,False,False,False
2025-11-18,PROD_011,Reebok Professional Deck,Fitness,Esterilla Fitness,45,False,,45.21,,True,42.52,41.94,47.95,,,,2025,11,November,18,Tuesday,1,False,False,,True,4,47,False,False,False,False,False,False,False,,,,,,,,,0.4666666666666685,,,Reebok Professional Deck,Fitness,Esterilla Fitness,False,False,False,False,False,False,False,False,False,False,False,False,False,False,False,False,False,False,False,True,False,False,False,False,True,False,False,False,False,False,False,False,False,True,False,False,False,False,False,False,False,False,False,False
2025-11-19,PROD_011,Reebok Professional Deck,Fitness,Esterilla Fitness,45,False,,44.12,,True,45.46,38.2,44.52,,,,2025,11,November,19,Wednesday,2,False,False,,True,4,47,False,False,False,False,False,False,False,,,,,,,,,-1.955555555555561,,,Reebok Professional Deck,Fitness,Esterilla Fitness,False,False,False,False,False,False,False,False,False,False,False,False,False,False,False,False,False,False,False,True,False,False,False,False,True,False,False,False,False,False,False,False,False,True,False,False,False,False,False,False,False,False,False,False
2025-11-20,PROD_011,Reebok Professional Deck,Fitness,Esterilla Fitness,45,False,,44.16,,True,43.54,40.91,43.7,,,,2025,11,November,20,Thursday,3,False,False,,True,4,47,False,False,False,False,False,False,False,,,,,,,,,-1.866666666666674,,,Reebok Professional Deck,Fitness,Esterilla Fitness,False,False,False,False,False,False,False,False,False,False,False,False,False,False,False,False,False,False,False,True,False,False,False,False,True,False,False,False,False,False,False,False,False,True,False,False,False,False,False,False,False,False,False,False
2025-11-21,PROD_011,Reebok Professional Deck,Fitness,Esterilla Fitness,45,False,,44.34,,True,48.87,42.11,43.97,,,,2025,11,November,21,Friday,4,False,False,,True,4,47,False,False,False,False,False,False,False,,,,,,,,,-1.466666666666659,,,Reebok Professional Deck,Fitness,Esterilla Fitness,False,False,False,False,False,False,False,False,False,False,False,False,False,False,False,False,False,False,False,True,False,False,False,False,True,False,False,False,False,False,False,False,False,True,False,False,False,False,False,False,False,False,False,False
2025-11-22,PROD_011,Reebok Professional Deck,Fitness,Esterilla Fitness,45,False,,44.4,,True,46.24,41.58,43.59,,,,2025,11,November,22,Saturday,5,True,False,,False,4,47,False,False,False,False,False,False,False,,,,,,,,,-1.3333333333333366,,,Reebok Professional Deck,Fitness,Esterilla Fitness,False,False,False,False,False,False,False,False,False,False,False,False,False,False,False,False,False,False,False,True,False,False,False,False,True,False,False,False,False,False,False,False,False,True,False,False,False,False,False,False,False,False,False,False
2025-11-23,PROD_011,Reebok Professional Deck,Fitness,Esterilla Fitness,45,False,,45.37,,True,45.14,40.23,46.12,,,,2025,11,November,23,Sunday,6,True,False,,False,4,47,False,False,False,False,False,False,False,,,,,,,,,0.8222222222222165,,,Reebok Professional Deck,Fitness,Esterilla Fitness,False,False,False,False,False,False,False,False,False,False,False,False,False,False,False,False,False,False,False,True,False,False,False,False,True,False,False,False,False,False,False,False,False,True,False,False,False,False,False,False,False,False,False,False
2025-11-24,PROD_011,Reebok Professional Deck,Fitness,Esterilla Fitness,45,False,,45.39,,True,45.85,40.33,46.78,,,,2025,11,November,24,Monday,0,False,False,,True,4,48,False,False,False,False,False,False,True,,,,,,,,,0.866666666666668,,,Reebok Professional Deck,Fitness,Esterilla Fitness,False,False,False,False,False,False,False,False,False,False,False,False,False,False,False,False,False,False,False,True,False,False,False,False,True,False,False,False,False,False,False,False,False,True,False,False,False,False,False,False,False,False,False,False
2025-11-25,PROD_011,Reebok Professional Deck,Fitness,Esterilla Fitness,45,False,,45.57,,True,47.84,41.46,48.44,,,,2025,11,November,25,Tuesday,1,False,False,,True,4,48,False,False,True,False,False,False,True,,,,,,,,,1.2666666666666673,,,Reebok Professional Deck,Fitness,Esterilla Fitness,False,False,False,False,False,False,False,False,False,False,False,False,False,False,False,False,False,False,False,True,False,False,False,False,True,False,False,False,False,False,False,False,False,True,False,False,False,False,False,False,False,False,False,False
2025-11-26,PROD_011,Reebok Professional Deck,Fitness,Esterilla Fitness,45,False,,45.05,,True,43.53,40.64,45.28,,,,2025,11,November,26,Wednesday,2,False,False,,True,4,48,False,False,True,False,False,False,True,,,,,,,,,0.1111111111111048,,,Reebok Professional Deck,Fitness,Esterilla Fitness,False,False,False,False,False,False,False,False,False,False,False,False,False,False,False,False,False,False,False,True,False,False,False,False,True,False,False,False,False,False,False,False,False,True,False,False,False,False,False,False,False,False,False,False
2025-11-27,PROD_011,Reebok Professional Deck,Fitness,Esterilla Fitness,45,False,,44.21,,True,43.61,40.47,44.39,,,,2025,11,November,27,Thursday,3,False,False,,True,4,48,False,False,True,False,False,False,True,,,,,,,,,-1.7555555555555535,,,Reebok Professional Deck,Fitness,Esterilla Fitness,False,False,False,False,False,False,False,False,False,False,False,False,False,False,False,False,False,False,False,True,False,False,False,False,True,False,False,False,False,False,False,False,False,True,False,False,False,False,False,False,False,False,False,False
2025-11-28,PROD_011,Reebok Professional Deck,Fitness,Esterilla Fitness,45,False,,38.25,,True,41.51,39.19,44.6,,,,2025,11,November,28,Friday,4,False,False,,True,4,48,False,False,True,False,True,False,True,,,,,,,,,-15.0,,,Reebok Professional Deck,Fitness,Esterilla Fitness,False,False,False,False,False,False,False,False,False,False,False,False,False,False,False,False,False,False,False,True,False,False,False,False,True,False,False,False,False,False,False,False,False,True,False,False,False,False,False,False,False,False,False,False
2025-11-29,PROD_011,Reebok Professional Deck,Fitness,Esterilla Fitness,45,False,,45.0,,True,47.43,43.69,45.67,,,,2025,11,November,29,Saturday,5,True,False,,False,4,48,False,False,True,False,False,False,True,,,,,,,,,0.0,,,Reebok Professional Deck,Fitness,Esterilla Fitness,False,False,False,False,False,False,False,False,False,False,False,False,False,False,False,False,False,False,False,True,False,False,False,False,True,False,False,False,False,False,False,False,False,True,False,False,False,False,False,False,False,False,False,False
2025-11-30,PROD_011,Reebok Professional Deck,Fitness,Esterilla Fitness,45,False,,44.51,,True,42.59,42.0,44.09,,,,2025,11,November,30,Sunday,6,True,False,,False,4,48,False,False,True,True,False,False,True,,,,,,,,,-1.0888888888888932,,,Reebok Professional Deck,Fitness,Esterilla Fitness,False,False,False,False,False,False,False,False,False,False,False,False,False,False,False,False,False,False,False,True,False,False,False,False,True,False,False,False,False,False,False,False,False,True,False,False,False,False,False,False,False,False,False,False
2025-11-01,PROD_012,Domyos Kit Mancuernas 20kg,Fitness,Pesas Casa,55,False,,54.26,,True,49.8,50.98,54.82,,,,2025,11,November,1,Saturday,5,True,False,,False,4,44,True,True,False,False,False,False,False,5.0,6.0,1.0,8.0,12.0,7.0,6.0,,-1.3454545454545492,,,Domyos Kit Mancuernas 20kg,Fitness,Pesas Casa,False,False,False,False,False,False,False,True,False,False,False,False,False,False,False,False,False,False,False,False,False,False,False,False,True,False,False,False,False,False,False,False,False,False,False,False,False,False,True,False,False,False,False,False
2025-11-02,PROD_012,Domyos Kit Mancuernas 20kg,Fitness,Pesas Casa,55,False,,54.47,,True,51.06,52.3,54.03,,,,2025,11,November,2,Sunday,6,True,False,,False,4,44,True,False,False,False,False,False,False,,5.0,6.0,1.0,8.0,12.0,7.0,,-0.9636363636363656,,,Domyos Kit Mancuernas 20kg,Fitness,Pesas Casa,False,False,False,False,False,False,False,True,False,False,False,False,False,False,False,False,False,False,False,False,False,False,False,False,True,False,False,False,False,False,False,False,False,False,False,False,False,False,True,False,False,False,False,False
2025-11-03,PROD_012,Domyos Kit Mancuernas 20kg,Fitness,Pesas Casa,55,False,,56.03,,True,55.72,47.76,54.43,,,,2025,11,November,3,Monday,0,False,False,,True,4,45,True,False,False,False,False,False,False,,,5.0,6.0,1.0,8.0,12.0,,1.8727272727272748,,,Domyos Kit Mancuernas 20kg,Fitness,Pesas Casa,False,False,False,False,False,False,False,True,False,False,False,False,False,False,False,False,False,False,False,False,False,False,False,False,True,False,False,False,False,False,False,False,False,False,False,False,False,False,True,False,False,False,False,False
2025-11-04,PROD_012,Domyos Kit Mancuernas 20kg,Fitness,Pesas Casa,55,False,,54.06,,True,54.96,48.22,57.07,,,,2025,11,November,4,Tuesday,1,False,False,,True,4,45,True,False,False,False,False,False,False,,,,5.0,6.0,1.0,8.0,,-1.709090909090905,,,Domyos Kit Mancuernas 20kg,Fitness,Pesas Casa,False,False,False,False,False,False,False,True,False,False,False,False,False,False,False,False,False,False,False,False,False,False,False,False,True,False,False,False,False,False,False,False,False,False,False,False,False,False,True,False,False,False,False,False
2025-11-05,PROD_012,Domyos Kit Mancuernas 20kg,Fitness,Pesas Casa,55,False,,54.85,,True,53.34,51.44,52.1,,,,2025,11,November,5,Wednesday,2,False,False,,True,4,45,True,False,False,False,False,False,False,,,,,5.0,6.0,1.0,,-0.27272727272727015,,,Domyos Kit Mancuernas 20kg,Fitness,Pesas Casa,False,False,False,False,False,False,False,True,False,False,False,False,False,False,False,False,False,False,False,False,False,False,False,False,True,False,False,False,False,False,False,False,False,False,False,False,False,False,True,False,False,False,False,False
2025-11-06,PROD_012,Domyos Kit Mancuernas 20kg,Fitness,Pesas Casa,55,False,,55.45,,True,53.75,49.78,54.33,,,,2025,11,November,6,Thursday,3,False,False,,True,4,45,True,False,False,False,False,False,False,,,,,,5.0,6.0,,0.8181818181818232,,,Domyos Kit Mancuernas 20kg,Fitness,Pesas Casa,False,False,False,False,False,False,False,True,False,False,False,False,False,False,False,False,False,False,False,False,False,False,False,False,True,False,False,False,False,False,False,False,False,False,False,False,False,False,True,False,False,False,False,False
2025-11-07,PROD_012,Domyos Kit Mancuernas 20kg,Fitness,Pesas Casa,55,False,,55.76,,True,60.64,50.97,57.7,,,,2025,11,November,7,Friday,4,False,False,,True,4,45,True,False,False,False,False,False,False,,,,,,,5.0,,1.381818181818178,,,Domyos Kit Mancuernas 20kg,Fitness,Pesas Casa,False,False,False,False,False,False,False,True,False,False,False,False,False,False,False,False,False,False,False,False,False,False,False,False,True,False,False,False,False,False,False,False,False,False,False,False,False,False,True,False,False,False,False,False
2025-11-08,PROD_012,Domyos Kit Mancuernas 20kg,Fitness,Pesas Casa,55,False,,55.81,,True,54.0,50.03,54.85,,,,2025,11,November,8,Saturday,5,True,False,,False,4,45,False,False,False,False,False,False,False,,,,,,,,,1.4727272727272769,,,Domyos Kit Mancuernas 20kg,Fitness,Pesas Casa,False,False,False,False,False,False,False,True,False,False,False,False,False,False,False,False,False,False,False,False,False,False,False,False,True,False,False,False,False,False,False,False,False,False,False,False,False,False,True,False,False,False,False,False
2025-11-09,PROD_012,Domyos Kit Mancuernas 20kg,Fitness,Pesas Casa,55,False,,55.07,,True,54.63,50.14,52.85,,,,2025,11,November,9,Sunday,6,True,False,,False,4,45,False,False,False,False,False,False,False,,,,,,,,,0.1272727272727278,,,Domyos Kit Mancuernas 20kg,Fitness,Pesas Casa,False,False,False,False,False,False,False,True,False,False,False,False,False,False,False,False,False,False,False,False,False,False,False,False,True,False,False,False,False,False,False,False,False,False,False,False,False,False,True,False,False,False,False,False
2025-11-10,PROD_012,Domyos Kit Mancuernas 20kg,Fitness,Pesas Casa,55,False,,55.95,,True,54.96,47.03,56.9,,,,2025,11,November,10,Monday,0,False,False,,True,4,46,False,False,False,False,False,False,False,,,,,,,,,1.7272727272727324,,,Domyos Kit Mancuernas 20kg,Fitness,Pesas Casa,False,False,False,False,False,False,False,True,False,False,False,False,False,False,False,False,False,False,False,False,False,False,False,False,True,False,False,False,False,False,False,False,False,False,False,False,False,False,True,False,False,False,False,False
2025-11-11,PROD_012,Domyos Kit Mancuernas 20kg,Fitness,Pesas Casa,55,False,,54.9,,True,55.72,46.85,61.11,,,,2025,11,November,11,Tuesday,1,False,False,,True,4,46,False,False,False,False,False,False,False,,,,,,,,,-0.1818181818181844,,,Domyos Kit Mancuernas 20kg,Fitness,Pesas Casa,False,False,False,False,False,False,False,True,False,False,False,False,False,False,False,False,False,False,False,False,False,False,False,False,True,False,False,False,False,False,False,False,False,False,False,False,False,False,True,False,False,False,False,False
2025-11-12,PROD_012,Domyos Kit Mancuernas 20kg,Fitness,Pesas Casa,55,False,,55.37,,True,57.89,48.62,56.27,,,,2025,11,November,12,Wednesday,2,False,False,,True,4,46,False,False,False,False,False,False,False,,,,,,,,,0.6727272727272681,,,Domyos Kit Mancuernas 20kg,Fitness,Pesas Casa,False,False,False,False,False,False,False,True,False,False,False,False,False,False,False,False,False,False,False,False,False,False,False,False,True,False,False,False,False,False,False,False,False,False,False,False,False,False,True,False,False,False,False,False
2025-11-13,PROD_012,Domyos Kit Mancuernas 20kg,Fitness,Pesas Casa,55,False,,56.03,,True,51.75,50.82,53.64,,,,2025,11,November,13,Thursday,3,False,False,,True,4,46,False,False,False,False,False,False,False,,,,,,,,,1.8727272727272748,,,Domyos Kit Mancuernas 20kg,Fitness,Pesas Casa,False,False,False,False,False,False,False,True,False,False,False,False,False,False,False,False,False,False,False,False,False,False,False,False,True,False,False,False,False,False,False,False,False,False,False,False,False,False,True,False,False,False,False,False
2025-11-14,PROD_012,Domyos Kit Mancuernas 20kg,Fitness,Pesas Casa,55,False,,54.88,,True,54.2,50.72,56.81,,,,2025,11,November,14,Friday,4,False,False,,True,4,46,False,False,False,False,False,False,False,,,,,,,,,-0.21818181818181354,,,Domyos Kit Mancuernas 20kg,Fitness,Pesas Casa,False,False,False,False,False,False,False,True,False,False,False,False,False,False,False,False,False,False,False,False,False,False,False,False,True,False,False,False,False,False,False,False,False,False,False,False,False,False,True,False,False,False,False,False
2025-11-15,PROD_012,Domyos Kit Mancuernas 20kg,Fitness,Pesas Casa,55,False,,55.98,,True,56.15,50.31,59.17,,,,2025,11,November,15,Saturday,5,True,False,,False,4,46,False,False,False,False,False,False,False,,,,,,,,,1.781818181818176,,,Domyos Kit Mancuernas 20kg,Fitness,Pesas Casa,False,False,False,False,False,False,False,True,False,False,False,False,False,False,False,False,False,False,False,False,False,False,False,False,True,False,False,False,False,False,False,False,False,False,False,False,False,False,True,False,False,False,False,False
2025-11-16,PROD_012,Domyos Kit Mancuernas 20kg,Fitness,Pesas Casa,55,False,,55.26,,True,55.31,52.11,57.3,,,,2025,11,November,16,Sunday,6,True,False,,False,4,46,False,False,False,False,False,False,False,,,,,,,,,0.4727272727272691,,,Domyos Kit Mancuernas 20kg,Fitness,Pesas Casa,False,False,False,False,False,False,False,True,False,False,False,False,False,False,False,False,False,False,False,False,False,False,False,False,True,False,False,False,False,False,False,False,False,False,False,False,False,False,True,False,False,False,False,False
2025-11-17,PROD_012,Domyos Kit Mancuernas 20kg,Fitness,Pesas Casa,55,False,,54.37,,True,58.11,48.54,58.39,,,,2025,11,November,17,Monday,0,False,False,,True,4,47,False,False,False,False,False,False,False,,,,,,,,,-1.14545454545455,,,Domyos Kit Mancuernas 20kg,Fitness,Pesas Casa,False,False,False,False,False,False,False,True,False,False,False,False,False,False,False,False,False,False,False,False,False,False,False,False,True,False,False,False,False,False,False,False,False,False,False,False,False,False,True,False,False,False,False,False
2025-11-18,PROD_012,Domyos Kit Mancuernas 20kg,Fitness,Pesas Casa,55,False,,55.33,,True,55.6,49.1,54.86,,,,2025,11,November,18,Tuesday,1,False,False,,True,4,47,False,False,False,False,False,False,False,,,,,,,,,0.5999999999999969,,,Domyos Kit Mancuernas 20kg,Fitness,Pesas Casa,False,False,False,False,False,False,False,True,False,False,False,False,False,False,False,False,False,False,False,False,False,False,False,False,True,False,False,False,False,False,False,False,False,False,False,False,False,False,True,False,False,False,False,False
2025-11-19,PROD_012,Domyos Kit Mancuernas 20kg,Fitness,Pesas Casa,55,False,,55.82,,True,55.67,50.93,57.98,,,,2025,11,November,19,Wednesday,2,False,False,,True,4,47,False,False,False,False,False,False,False,,,,,,,,,1.4909090909090914,,,Domyos Kit Mancuernas 20kg,Fitness,Pesas Casa,False,False,False,False,False,False,False,True,False,False,False,False,False,False,False,False,False,False,False,False,False,False,False,False,True,False,False,False,False,False,False,False,False,False,False,False,False,False,True,False,False,False,False,False
2025-11-20,PROD_012,Domyos Kit Mancuernas 20kg,Fitness,Pesas Casa,55,False,,55.52,,True,54.05,51.97,57.47,,,,2025,11,November,20,Thursday,3,False,False,,True,4,47,False,False,False,False,False,False,False,,,,,,,,,0.9454545454545511,,,Domyos Kit Mancuernas 20kg,Fitness,Pesas Casa,False,False,False,False,False,False,False,True,False,False,False,False,False,False,False,False,False,False,False,False,False,False,False,False,True,False,False,False,False,False,False,False,False,False,False,False,False,False,True,False,False,False,False,False
2025-11-21,PROD_012,Domyos Kit Mancuernas 20kg,Fitness,Pesas Casa,55,False,,55.68,,True,51.25,51.56,56.32,,,,2025,11,November,21,Friday,4,False,False,,True,4,47,False,False,False,False,False,False,False,,,,,,,,,1.2363636363636359,,,Domyos Kit Mancuernas 20kg,Fitness,Pesas Casa,False,False,False,False,False,False,False,True,False,False,False,False,False,False,False,False,False,False,False,False,False,False,False,False,True,False,False,False,False,False,False,False,False,False,False,False,False,False,True,False,False,False,False,False
2025-11-22,PROD_012,Domyos Kit Mancuernas 20kg,Fitness,Pesas Casa,55,False,,54.86,,True,54.31,50.57,54.64,,,,2025,11,November,22,Saturday,5,True,False,,False,4,47,False,False,False,False,False,False,False,,,,,,,,,-0.2545454545454556,,,Domyos Kit Mancuernas 20kg,Fitness,Pesas Casa,False,False,False,False,False,False,False,True,False,False,False,False,False,False,False,False,False,False,False,False,False,False,False,False,True,False,False,False,False,False,False,False,False,False,False,False,False,False,True,False,False,False,False,False
2025-11-23,PROD_012,Domyos Kit Mancuernas 20kg,Fitness,Pesas Casa,55,False,,54.61,,True,54.78,48.23,51.58,,,,2025,11,November,23,Sunday,6,True,False,,False,4,47,False,False,False,False,False,False,False,,,,,,,,,-0.7090909090909101,,,Domyos Kit Mancuernas 20kg,Fitness,Pesas Casa,False,False,False,False,False,False,False,True,False,False,False,False,False,False,False,False,False,False,False,False,False,False,False,False,True,False,False,False,False,False,False,False,False,False,False,False,False,False,True,False,False,False,False,False
2025-11-24,PROD_012,Domyos Kit Mancuernas 20kg,Fitness,Pesas Casa,55,False,,55.43,,True,51.92,46.77,53.67,,,,2025,11,November,24,Monday,0,False,False,,True,4,48,False,False,False,False,False,False,True,,,,,,,,,0.7818181818181813,,,Domyos Kit Mancuernas 20kg,Fitness,Pesas Casa,False,False,False,False,False,False,False,True,False,False,False,False,False,False,False,False,False,False,False,False,False,False,False,False,True,False,False,False,False,False,False,False,False,False,False,False,False,False,True,False,False,False,False,False
2025-11-25,PROD_012,Domyos Kit Mancuernas 20kg,Fitness,Pesas Casa,55,False,,54.4,,True,50.98,50.64,53.54,,,,2025,11,November,25,Tuesday,1,False,False,,True,4,48,False,False,True,False,False,False,True,,,,,,,,,-1.0909090909090935,,,Domyos Kit Mancuernas 20kg,Fitness,Pesas Casa,False,False,False,False,False,False,False,True,False,False,False,False,False,False,False,False,False,False,False,False,False,False,False,False,True,False,False,False,False,False,False,False,False,False,False,False,False,False,True,False,False,False,False,False
2025-11-26,PROD_012,Domyos Kit Mancuernas 20kg,Fitness,Pesas Casa,55,False,,55.37,,True,52.78,54.12,57.04,,,,2025,11,November,26,Wednesday,2,False,False,,True,4,48,False,False,True,False,False,False,True,,,,,,,,,0.6727272727272681,,,Domyos Kit Mancuernas 20kg,Fitness,Pesas Casa,False,False,False,False,False,False,False,True,False,False,False,False,False,False,False,False,False,False,False,False,False,False,False,False,True,False,False,False,False,False,False,False,False,False,False,False,False,False,True,False,False,False,False,False
2025-11-27,PROD_012,Domyos Kit Mancuernas 20kg,Fitness,Pesas Casa,55,False,,55.04,,True,53.82,49.6,54.96,,,,2025,11,November,27,Thursday,3,False,False,,True,4,48,False,False,True,False,False,False,True,,,,,,,,,0.07272727272727117,,,Domyos Kit Mancuernas 20kg,Fitness,Pesas Casa,False,False,False,False,False,False,False,True,False,False,False,False,False,False,False,False,False,False,False,False,False,False,False,False,True,False,False,False,False,False,False,False,False,False,False,False,False,False,True,False,False,False,False,False
2025-11-28,PROD_012,Domyos Kit Mancuernas 20kg,Fitness,Pesas Casa,55,False,,46.75,,True,48.87,50.5,58.27,,,,2025,11,November,28,Friday,4,False,False,,True,4,48,False,False,True,False,True,False,True,,,,,,,,,-15.0,,,Domyos Kit Mancuernas 20kg,Fitness,Pesas Casa,False,False,False,False,False,False,False,True,False,False,False,False,False,False,False,False,False,False,False,False,False,False,False,False,True,False,False,False,False,False,False,False,False,False,False,False,False,False,True,False,False,False,False,False
2025-11-29,PROD_012,Domyos Kit Mancuernas 20kg,Fitness,Pesas Casa,55,False,,55.24,,True,56.67,51.32,54.47,,,,2025,11,November,29,Saturday,5,True,False,,False,4,48,False,False,True,False,False,False,True,,,,,,,,,0.43636363636364,,,Domyos Kit Mancuernas 20kg,Fitness,Pesas Casa,False,False,False,False,False,False,False,True,False,False,False,False,False,False,False,False,False,False,False,False,False,False,False,False,True,False,False,False,False,False,False,False,False,False,False,False,False,False,True,False,False,False,False,False
2025-11-30,PROD_012,Domyos Kit Mancuernas 20kg,Fitness,Pesas Casa,55,False,,55.94,,True,55.85,49.1,54.41,,,,2025,11,November,30,Sunday,6,True,False,,False,4,48,False,False,True,True,False,False,True,,,,,,,,,1.709090909090905,,,Domyos Kit Mancuernas 20kg,Fitness,Pesas Casa,False,False,False,False,False,False,False,True,False,False,False,False,False,False,False,False,False,False,False,False,False,False,False,False,True,False,False,False,False,False,False,False,False,False,False,False,False,False,True,False,False,False,False,False
2025-11-01,PROD_013,Decathlon Bandas Elásticas Set,Fitness,Bandas Elásticas,25,False,,25.4,,True,23.13,22.22,24.26,,,,2025,11,November,1,Saturday,5,True,False,,False,4,44,True,True,False,False,False,False,False,2.0,6.0,4.0,10.0,1.0,1.0,1.0,,1.5999999999999945,,,Decathlon Bandas Elásticas Set,Fitness,Bandas Elásticas,False,False,False,False,False,True,False,False,False,False,False,False,False,False,False,False,False,False,False,False,False,False,False,False,True,False,False,False,False,True,False,False,False,False,False,False,False,False,False,False,False,False,False,False
2025-11-02,PROD_013,Decathlon Bandas Elásticas Set,Fitness,Bandas Elásticas,25,False,,25.32,,True,26.08,24.17,24.16,,,,2025,11,November,2,Sunday,6,True,False,,False,4,44,True,False,False,False,False,False,False,,2.0,6.0,4.0,10.0,1.0,1.0,,1.2800000000000011,,,Decathlon Bandas Elásticas Set,Fitness,Bandas Elásticas,False,False,False,False,False,True,False,False,False,False,False,False,False,False,False,False,False,False,False,False,False,False,False,False,True,False,False,False,False,True,False,False,False,False,False,False,False,False,False,False,False,False,False,False
2025-11-03,PROD_013,Decathlon Bandas Elásticas Set,Fitness,Bandas Elásticas,25,False,,24.6,,True,23.69,24.42,23.81,,,,2025,11,November,3,Monday,0,False,False,,True,4,45,True,False,False,False,False,False,False,,,2.0,6.0,4.0,10.0,1.0,,-1.5999999999999945,,,Decathlon Bandas Elásticas Set,Fitness,Bandas Elásticas,False,False,False,False,False,True,False,False,False,False,False,False,False,False,False,False,False,False,False,False,False,False,False,False,True,False,False,False,False,True,False,False,False,False,False,False,False,False,False,False,False,False,False,False
2025-11-04,PROD_013,Decathlon Bandas Elásticas Set,Fitness,Bandas Elásticas,25,False,,25.24,,True,25.27,22.48,25.4,,,,2025,11,November,4,Tuesday,1,False,False,,True,4,45,True,False,False,False,False,False,False,,,,2.0,6.0,4.0,10.0,,0.9599999999999936,,,Decathlon Bandas Elásticas Set,Fitness,Bandas Elásticas,False,False,False,False,False,True,False,False,False,False,False,False,False,False,False,False,False,False,False,False,False,False,False,False,True,False,False,False,False,True,False,False,False,False,False,False,False,False,False,False,False,False,False,False
2025-11-05,PROD_013,Decathlon Bandas Elásticas Set,Fitness,Bandas Elásticas,25,False,,24.6,,True,24.9,22.64,25.89,,,,2025,11,November,5,Wednesday,2,False,False,,True,4,45,True,False,False,False,False,False,False,,,,,2.0,6.0,4.0,,-1.5999999999999945,,,Decathlon Bandas Elásticas Set,Fitness,Bandas Elásticas,False,False,False,False,False,True,False,False,False,False,False,False,False,False,False,False,False,False,False,False,False,False,False,False,True,False,False,False,False,True,False,False,False,False,False,False,False,False,False,False,False,False,False,False
2025-11-06,PROD_013,Decathlon Bandas Elásticas Set,Fitness,Bandas Elásticas,25,False,,24.73,,True,27.89,23.89,23.33,,,,2025,11,November,6,Thursday,3,False,False,,True,4,45,True,False,False,False,False,False,False,,,,,,2.0,6.0,,-1.0799999999999983,,,Decathlon Bandas Elásticas Set,Fitness,Bandas Elásticas,False,False,False,False,False,True,False,False,False,False,False,False,False,False,False,False,False,False,False,False,False,False,False,False,True,False,False,False,False,True,False,False,False,False,False,False,False,False,False,False,False,False,False,False
2025-11-07,PROD_013,Decathlon Bandas Elásticas Set,Fitness,Bandas Elásticas,25,False,,25.0,,True,23.73,24.03,26.58,,,,2025,11,November,7,Friday,4,False,False,,True,4,45,True,False,False,False,False,False,False,,,,,,,2.0,,0.0,,,Decathlon Bandas Elásticas Set,Fitness,Bandas Elásticas,False,False,False,False,False,True,False,False,False,False,False,False,False,False,False,False,False,False,False,False,False,False,False,False,True,False,False,False,False,True,False,False,False,False,False,False,False,False,False,False,False,False,False,False
2025-11-08,PROD_013,Decathlon Bandas Elásticas Set,Fitness,Bandas Elásticas,25,False,,25.19,,True,24.08,22.99,24.44,,,,2025,11,November,8,Saturday,5,True,False,,False,4,45,False,False,False,False,False,False,False,,,,,,,,,0.7600000000000051,,,Decathlon Bandas Elásticas Set,Fitness,Bandas Elásticas,False,False,False,False,False,True,False,False,False,False,False,False,False,False,False,False,False,False,False,False,False,False,False,False,True,False,False,False,False,True,False,False,False,False,False,False,False,False,False,False,False,False,False,False
2025-11-09,PROD_013,Decathlon Bandas Elásticas Set,Fitness,Bandas Elásticas,25,False,,25.08,,True,24.32,22.6,24.4,,,,2025,11,November,9,Sunday,6,True,False,,False,4,45,False,False,False,False,False,False,False,,,,,,,,,0.3199999999999932,,,Decathlon Bandas Elásticas Set,Fitness,Bandas Elásticas,False,False,False,False,False,True,False,False,False,False,False,False,False,False,False,False,False,False,False,False,False,False,False,False,True,False,False,False,False,True,False,False,False,False,False,False,False,False,False,False,False,False,False,False
2025-11-10,PROD_013,Decathlon Bandas Elásticas Set,Fitness,Bandas Elásticas,25,False,,24.73,,True,23.44,22.3,24.77,,,,2025,11,November,10,Monday,0,False,False,,True,4,46,False,False,False,False,False,False,False,,,,,,,,,-1.0799999999999983,,,Decathlon Bandas Elásticas Set,Fitness,Bandas Elásticas,False,False,False,False,False,True,False,False,False,False,False,False,False,False,False,False,False,False,False,False,False,False,False,False,True,False,False,False,False,True,False,False,False,False,False,False,False,False,False,False,False,False,False,False
2025-11-11,PROD_013,Decathlon Bandas Elásticas Set,Fitness,Bandas Elásticas,25,False,,25.02,,True,25.16,21.55,25.28,,,,2025,11,November,11,Tuesday,1,False,False,,True,4,46,False,False,False,False,False,False,False,,,,,,,,,0.0799999999999983,,,Decathlon Bandas Elásticas Set,Fitness,Bandas Elásticas,False,False,False,False,False,True,False,False,False,False,False,False,False,False,False,False,False,False,False,False,False,False,False,False,True,False,False,False,False,True,False,False,False,False,False,False,False,False,False,False,False,False,False,False
2025-11-12,PROD_013,Decathlon Bandas Elásticas Set,Fitness,Bandas Elásticas,25,False,,25.03,,True,25.99,21.84,23.77,,,,2025,11,November,12,Wednesday,2,False,False,,True,4,46,False,False,False,False,False,False,False,,,,,,,,,0.12000000000000455,,,Decathlon Bandas Elásticas Set,Fitness,Bandas Elásticas,False,False,False,False,False,True,False,False,False,False,False,False,False,False,False,False,False,False,False,False,False,False,False,False,True,False,False,False,False,True,False,False,False,False,False,False,False,False,False,False,False,False,False,False
2025-11-13,PROD_013,Decathlon Bandas Elásticas Set,Fitness,Bandas Elásticas,25,False,,25.17,,True,27.15,23.08,24.28,,,,2025,11,November,13,Thursday,3,False,False,,True,4,46,False,False,False,False,False,False,False,,,,,,,,,0.6800000000000068,,,Decathlon Bandas Elásticas Set,Fitness,Bandas Elásticas,False,False,False,False,False,True,False,False,False,False,False,False,False,False,False,False,False,False,False,False,False,False,False,False,True,False,False,False,False,True,False,False,False,False,False,False,False,False,False,False,False,False,False,False
2025-11-14,PROD_013,Decathlon Bandas Elásticas Set,Fitness,Bandas Elásticas,25,False,,25.06,,True,24.77,21.99,25.57,,,,2025,11,November,14,Friday,4,False,False,,True,4,46,False,False,False,False,False,False,False,,,,,,,,,0.2399999999999949,,,Decathlon Bandas Elásticas Set,Fitness,Bandas Elásticas,False,False,False,False,False,True,False,False,False,False,False,False,False,False,False,False,False,False,False,False,False,False,False,False,True,False,False,False,False,True,False,False,False,False,False,False,False,False,False,False,False,False,False,False
2025-11-15,PROD_013,Decathlon Bandas Elásticas Set,Fitness,Bandas Elásticas,25,False,,25.04,,True,24.69,22.05,24.25,,,,2025,11,November,15,Saturday,5,True,False,,False,4,46,False,False,False,False,False,False,False,,,,,,,,,0.1599999999999966,,,Decathlon Bandas Elásticas Set,Fitness,Bandas Elásticas,False,False,False,False,False,True,False,False,False,False,False,False,False,False,False,False,False,False,False,False,False,False,False,False,True,False,False,False,False,True,False,False,False,False,False,False,False,False,False,False,False,False,False,False
2025-11-16,PROD_013,Decathlon Bandas Elásticas Set,Fitness,Bandas Elásticas,25,False,,25.16,,True,26.55,22.34,23.6,,,,2025,11,November,16,Sunday,6,True,False,,False,4,46,False,False,False,False,False,False,False,,,,,,,,,0.6400000000000006,,,Decathlon Bandas Elásticas Set,Fitness,Bandas Elásticas,False,False,False,False,False,True,False,False,False,False,False,False,False,False,False,False,False,False,False,False,False,False,False,False,True,False,False,False,False,True,False,False,False,False,False,False,False,False,False,False,False,False,False,False
2025-11-17,PROD_013,Decathlon Bandas Elásticas Set,Fitness,Bandas Elásticas,25,False,,24.65,,True,26.51,22.87,27.2,,,,2025,11,November,17,Monday,0,False,False,,True,4,47,False,False,False,False,False,False,False,,,,,,,,,-1.4000000000000057,,,Decathlon Bandas Elásticas Set,Fitness,Bandas Elásticas,False,False,False,False,False,True,False,False,False,False,False,False,False,False,False,False,False,False,False,False,False,False,False,False,True,False,False,False,False,True,False,False,False,False,False,False,False,False,False,False,False,False,False,False
2025-11-18,PROD_013,Decathlon Bandas Elásticas Set,Fitness,Bandas Elásticas,25,False,,24.59,,True,25.38,22.35,25.31,,,,2025,11,November,18,Tuesday,1,False,False,,True,4,47,False,False,False,False,False,False,False,,,,,,,,,-1.6400000000000006,,,Decathlon Bandas Elásticas Set,Fitness,Bandas Elásticas,False,False,False,False,False,True,False,False,False,False,False,False,False,False,False,False,False,False,False,False,False,False,False,False,True,False,False,False,False,True,False,False,False,False,False,False,False,False,False,False,False,False,False,False
2025-11-19,PROD_013,Decathlon Bandas Elásticas Set,Fitness,Bandas Elásticas,25,False,,25.33,,True,25.82,23.5,24.2,,,,2025,11,November,19,Wednesday,2,False,False,,True,4,47,False,False,False,False,False,False,False,,,,,,,,,1.3199999999999932,,,Decathlon Bandas Elásticas Set,Fitness,Bandas Elásticas,False,False,False,False,False,True,False,False,False,False,False,False,False,False,False,False,False,False,False,False,False,False,False,False,True,False,False,False,False,True,False,False,False,False,False,False,False,False,False,False,False,False,False,False
2025-11-20,PROD_013,Decathlon Bandas Elásticas Set,Fitness,Bandas Elásticas,25,False,,24.59,,True,23.01,22.82,25.64,,,,2025,11,November,20,Thursday,3,False,False,,True,4,47,False,False,False,False,False,False,False,,,,,,,,,-1.6400000000000006,,,Decathlon Bandas Elásticas Set,Fitness,Bandas Elásticas,False,False,False,False,False,True,False,False,False,False,False,False,False,False,False,False,False,False,False,False,False,False,False,False,True,False,False,False,False,True,False,False,False,False,False,False,False,False,False,False,False,False,False,False
2025-11-21,PROD_013,Decathlon Bandas Elásticas Set,Fitness,Bandas Elásticas,25,False,,24.81,,True,23.32,21.08,25.33,,,,2025,11,November,21,Friday,4,False,False,,True,4,47,False,False,False,False,False,False,False,,,,,,,,,-0.7600000000000051,,,Decathlon Bandas Elásticas Set,Fitness,Bandas Elásticas,False,False,False,False,False,True,False,False,False,False,False,False,False,False,False,False,False,False,False,False,False,False,False,False,True,False,False,False,False,True,False,False,False,False,False,False,False,False,False,False,False,False,False,False
2025-11-22,PROD_013,Decathlon Bandas Elásticas Set,Fitness,Bandas Elásticas,25,False,,25.42,,True,28.28,22.95,24.96,,,,2025,11,November,22,Saturday,5,True,False,,False,4,47,False,False,False,False,False,False,False,,,,,,,,,1.6800000000000068,,,Decathlon Bandas Elásticas Set,Fitness,Bandas Elásticas,False,False,False,False,False,True,False,False,False,False,False,False,False,False,False,False,False,False,False,False,False,False,False,False,True,False,False,False,False,True,False,False,False,False,False,False,False,False,False,False,False,False,False,False
2025-11-23,PROD_013,Decathlon Bandas Elásticas Set,Fitness,Bandas Elásticas,25,False,,25.35,,True,24.96,22.68,25.84,,,,2025,11,November,23,Sunday,6,True,False,,False,4,47,False,False,False,False,False,False,False,,,,,,,,,1.4000000000000057,,,Decathlon Bandas Elásticas Set,Fitness,Bandas Elásticas,False,False,False,False,False,True,False,False,False,False,False,False,False,False,False,False,False,False,False,False,False,False,False,False,True,False,False,False,False,True,False,False,False,False,False,False,False,False,False,False,False,False,False,False
2025-11-24,PROD_013,Decathlon Bandas Elásticas Set,Fitness,Bandas Elásticas,25,False,,25.37,,True,24.44,23.2,25.54,,,,2025,11,November,24,Monday,0,False,False,,True,4,48,False,False,False,False,False,False,True,,,,,,,,,1.480000000000004,,,Decathlon Bandas Elásticas Set,Fitness,Bandas Elásticas,False,False,False,False,False,True,False,False,False,False,False,False,False,False,False,False,False,False,False,False,False,False,False,False,True,False,False,False,False,True,False,False,False,False,False,False,False,False,False,False,False,False,False,False
2025-11-25,PROD_013,Decathlon Bandas Elásticas Set,Fitness,Bandas Elásticas,25,False,,24.8,,True,24.6,22.17,25.48,,,,2025,11,November,25,Tuesday,1,False,False,,True,4,48,False,False,True,False,False,False,True,,,,,,,,,-0.7999999999999973,,,Decathlon Bandas Elásticas Set,Fitness,Bandas Elásticas,False,False,False,False,False,True,False,False,False,False,False,False,False,False,False,False,False,False,False,False,False,False,False,False,True,False,False,False,False,True,False,False,False,False,False,False,False,False,False,False,False,False,False,False
2025-11-26,PROD_013,Decathlon Bandas Elásticas Set,Fitness,Bandas Elásticas,25,False,,24.85,,True,23.6,22.79,25.12,,,,2025,11,November,26,Wednesday,2,False,False,,True,4,48,False,False,True,False,False,False,True,,,,,,,,,-0.5999999999999943,,,Decathlon Bandas Elásticas Set,Fitness,Bandas Elásticas,False,False,False,False,False,True,False,False,False,False,False,False,False,False,False,False,False,False,False,False,False,False,False,False,True,False,False,False,False,True,False,False,False,False,False,False,False,False,False,False,False,False,False,False
2025-11-27,PROD_013,Decathlon Bandas Elásticas Set,Fitness,Bandas Elásticas,25,False,,25.32,,True,24.81,23.39,26.3,,,,2025,11,November,27,Thursday,3,False,False,,True,4,48,False,False,True,False,False,False,True,,,,,,,,,1.2800000000000011,,,Decathlon Bandas Elásticas Set,Fitness,Bandas Elásticas,False,False,False,False,False,True,False,False,False,False,False,False,False,False,False,False,False,False,False,False,False,False,False,False,True,False,False,False,False,True,False,False,False,False,False,False,False,False,False,False,False,False,False,False
2025-11-28,PROD_013,Decathlon Bandas Elásticas Set,Fitness,Bandas Elásticas,25,False,,21.25,,True,20.72,22.12,23.86,,,,2025,11,November,28,Friday,4,False,False,,True,4,48,False,False,True,False,True,False,True,,,,,,,,,-15.0,,,Decathlon Bandas Elásticas Set,Fitness,Bandas Elásticas,False,False,False,False,False,True,False,False,False,False,False,False,False,False,False,False,False,False,False,False,False,False,False,False,True,False,False,False,False,True,False,False,False,False,False,False,False,False,False,False,False,False,False,False
2025-11-29,PROD_013,Decathlon Bandas Elásticas Set,Fitness,Bandas Elásticas,25,False,,24.57,,True,23.47,22.8,25.47,,,,2025,11,November,29,Saturday,5,True,False,,False,4,48,False,False,True,False,False,False,True,,,,,,,,,-1.7199999999999989,,,Decathlon Bandas Elásticas Set,Fitness,Bandas Elásticas,False,False,False,False,False,True,False,False,False,False,False,False,False,False,False,False,False,False,False,False,False,False,False,False,True,False,False,False,False,True,False,False,False,False,False,False,False,False,False,False,False,False,False,False
2025-11-30,PROD_013,Decathlon Bandas Elásticas Set,Fitness,Bandas Elásticas,25,False,,25.47,,True,22.36,22.25,22.17,,,,2025,11,November,30,Sunday,6,True,False,,False,4,48,False,False,True,True,False,False,True,,,,,,,,,1.8799999999999955,,,Decathlon Bandas Elásticas Set,Fitness,Bandas Elásticas,False,False,False,False,False,True,False,False,False,False,False,False,False,False,False,False,False,False,False,False,False,False,False,False,True,False,False,False,False,True,False,False,False,False,False,False,False,False,False,False,False,False,False,False
2025-11-01,PROD_014,Sveltus Kettlebell 12kg,Fitness,Pesa Rusa,40,False,,39.22,,True,40.48,35.36,39.73,,,,2025,11,November,1,Saturday,5,True,False,,False,4,44,True,True,False,False,False,False,False,4.0,1.0,11.0,5.0,3.0,8.0,5.0,,-1.9500000000000028,,,Sveltus Kettlebell 12kg,Fitness,Pesa Rusa,False,False,False,False,False,False,False,False,False,False,False,False,False,False,False,False,False,False,False,False,False,True,False,False,True,False,False,False,False,False,False,False,False,False,False,False,False,True,False,False,False,False,False,False
2025-11-02,PROD_014,Sveltus Kettlebell 12kg,Fitness,Pesa Rusa,40,False,,40.08,,True,42.58,36.38,39.73,,,,2025,11,November,2,Sunday,6,True,False,,False,4,44,True,False,False,False,False,False,False,,4.0,1.0,11.0,5.0,3.0,8.0,,0.19999999999999576,,,Sveltus Kettlebell 12kg,Fitness,Pesa Rusa,False,False,False,False,False,False,False,False,False,False,False,False,False,False,False,False,False,False,False,False,False,True,False,False,True,False,False,False,False,False,False,False,False,False,False,False,False,True,False,False,False,False,False,False
2025-11-03,PROD_014,Sveltus Kettlebell 12kg,Fitness,Pesa Rusa,40,False,,39.44,,True,38.17,38.01,38.53,,,,2025,11,November,3,Monday,0,False,False,,True,4,45,True,False,False,False,False,False,False,,,4.0,1.0,11.0,5.0,3.0,,-1.4000000000000057,,,Sveltus Kettlebell 12kg,Fitness,Pesa Rusa,False,False,False,False,False,False,False,False,False,False,False,False,False,False,False,False,False,False,False,False,False,True,False,False,True,False,False,False,False,False,False,False,False,False,False,False,False,True,False,False,False,False,False,False
2025-11-04,PROD_014,Sveltus Kettlebell 12kg,Fitness,Pesa Rusa,40,False,,39.96,,True,37.27,34.6,41.88,,,,2025,11,November,4,Tuesday,1,False,False,,True,4,45,True,False,False,False,False,False,False,,,,4.0,1.0,11.0,5.0,,-0.09999999999999788,,,Sveltus Kettlebell 12kg,Fitness,Pesa Rusa,False,False,False,False,False,False,False,False,False,False,False,False,False,False,False,False,False,False,False,False,False,True,False,False,True,False,False,False,False,False,False,False,False,False,False,False,False,True,False,False,False,False,False,False
2025-11-05,PROD_014,Sveltus Kettlebell 12kg,Fitness,Pesa Rusa,40,False,,40.63,,True,39.67,37.98,38.16,,,,2025,11,November,5,Wednesday,2,False,False,,True,4,45,True,False,False,False,False,False,False,,,,,4.0,1.0,11.0,,1.5750000000000062,,,Sveltus Kettlebell 12kg,Fitness,Pesa Rusa,False,False,False,False,False,False,False,False,False,False,False,False,False,False,False,False,False,False,False,False,False,True,False,False,True,False,False,False,False,False,False,False,False,False,False,False,False,True,False,False,False,False,False,False
2025-11-06,PROD_014,Sveltus Kettlebell 12kg,Fitness,Pesa Rusa,40,False,,39.9,,True,41.51,35.98,42.87,,,,2025,11,November,6,Thursday,3,False,False,,True,4,45,True,False,False,False,False,False,False,,,,,,4.0,1.0,,-0.25000000000000355,,,Sveltus Kettlebell 12kg,Fitness,Pesa Rusa,False,False,False,False,False,False,False,False,False,False,False,False,False,False,False,False,False,False,False,False,False,True,False,False,True,False,False,False,False,False,False,False,False,False,False,False,False,True,False,False,False,False,False,False
2025-11-07,PROD_014,Sveltus Kettlebell 12kg,Fitness,Pesa Rusa,40,False,,40.25,,True,38.85,36.92,40.92,,,,2025,11,November,7,Friday,4,False,False,,True,4,45,True,False,False,False,False,False,False,,,,,,,4.0,,0.625,,,Sveltus Kettlebell 12kg,Fitness,Pesa Rusa,False,False,False,False,False,False,False,False,False,False,False,False,False,False,False,False,False,False,False,False,False,True,False,False,True,False,False,False,False,False,False,False,False,False,False,False,False,True,False,False,False,False,False,False
2025-11-08,PROD_014,Sveltus Kettlebell 12kg,Fitness,Pesa Rusa,40,False,,40.18,,True,40.17,35.65,40.43,,,,2025,11,November,8,Saturday,5,True,False,,False,4,45,False,False,False,False,False,False,False,,,,,,,,,0.4499999999999993,,,Sveltus Kettlebell 12kg,Fitness,Pesa Rusa,False,False,False,False,False,False,False,False,False,False,False,False,False,False,False,False,False,False,False,False,False,True,False,False,True,False,False,False,False,False,False,False,False,False,False,False,False,True,False,False,False,False,False,False
2025-11-09,PROD_014,Sveltus Kettlebell 12kg,Fitness,Pesa Rusa,40,False,,40.02,,True,38.7,36.3,39.9,,,,2025,11,November,9,Sunday,6,True,False,,False,4,45,False,False,False,False,False,False,False,,,,,,,,,0.050000000000007816,,,Sveltus Kettlebell 12kg,Fitness,Pesa Rusa,False,False,False,False,False,False,False,False,False,False,False,False,False,False,False,False,False,False,False,False,False,True,False,False,True,False,False,False,False,False,False,False,False,False,False,False,False,True,False,False,False,False,False,False
2025-11-10,PROD_014,Sveltus Kettlebell 12kg,Fitness,Pesa Rusa,40,False,,39.34,,True,39.35,36.8,37.84,,,,2025,11,November,10,Monday,0,False,False,,True,4,46,False,False,False,False,False,False,False,,,,,,,,,-1.6499999999999915,,,Sveltus Kettlebell 12kg,Fitness,Pesa Rusa,False,False,False,False,False,False,False,False,False,False,False,False,False,False,False,False,False,False,False,False,False,True,False,False,True,False,False,False,False,False,False,False,False,False,False,False,False,True,False,False,False,False,False,False
2025-11-11,PROD_014,Sveltus Kettlebell 12kg,Fitness,Pesa Rusa,40,False,,39.76,,True,38.1,37.41,41.43,,,,2025,11,November,11,Tuesday,1,False,False,,True,4,46,False,False,False,False,False,False,False,,,,,,,,,-0.600000000000005,,,Sveltus Kettlebell 12kg,Fitness,Pesa Rusa,False,False,False,False,False,False,False,False,False,False,False,False,False,False,False,False,False,False,False,False,False,True,False,False,True,False,False,False,False,False,False,False,False,False,False,False,False,True,False,False,False,False,False,False
2025-11-12,PROD_014,Sveltus Kettlebell 12kg,Fitness,Pesa Rusa,40,False,,39.5,,True,42.56,37.46,41.2,,,,2025,11,November,12,Wednesday,2,False,False,,True,4,46,False,False,False,False,False,False,False,,,,,,,,,-1.25,,,Sveltus Kettlebell 12kg,Fitness,Pesa Rusa,False,False,False,False,False,False,False,False,False,False,False,False,False,False,False,False,False,False,False,False,False,True,False,False,True,False,False,False,False,False,False,False,False,False,False,False,False,True,False,False,False,False,False,False
2025-11-13,PROD_014,Sveltus Kettlebell 12kg,Fitness,Pesa Rusa,40,False,,40.2,,True,38.54,35.04,39.05,,,,2025,11,November,13,Thursday,3,False,False,,True,4,46,False,False,False,False,False,False,False,,,,,,,,,0.5000000000000071,,,Sveltus Kettlebell 12kg,Fitness,Pesa Rusa,False,False,False,False,False,False,False,False,False,False,False,False,False,False,False,False,False,False,False,False,False,True,False,False,True,False,False,False,False,False,False,False,False,False,False,False,False,True,False,False,False,False,False,False
2025-11-14,PROD_014,Sveltus Kettlebell 12kg,Fitness,Pesa Rusa,40,False,,39.39,,True,42.85,37.26,40.42,,,,2025,11,November,14,Friday,4,False,False,,True,4,46,False,False,False,False,False,False,False,,,,,,,,,-1.5249999999999986,,,Sveltus Kettlebell 12kg,Fitness,Pesa Rusa,False,False,False,False,False,False,False,False,False,False,False,False,False,False,False,False,False,False,False,False,False,True,False,False,True,False,False,False,False,False,False,False,False,False,False,False,False,True,False,False,False,False,False,False
2025-11-15,PROD_014,Sveltus Kettlebell 12kg,Fitness,Pesa Rusa,40,False,,39.27,,True,44.58,38.36,42.35,,,,2025,11,November,15,Saturday,5,True,False,,False,4,46,False,False,False,False,False,False,False,,,,,,,,,-1.8249999999999922,,,Sveltus Kettlebell 12kg,Fitness,Pesa Rusa,False,False,False,False,False,False,False,False,False,False,False,False,False,False,False,False,False,False,False,False,False,True,False,False,True,False,False,False,False,False,False,False,False,False,False,False,False,True,False,False,False,False,False,False
2025-11-16,PROD_014,Sveltus Kettlebell 12kg,Fitness,Pesa Rusa,40,False,,40.4,,True,41.22,37.89,39.25,,,,2025,11,November,16,Sunday,6,True,False,,False,4,46,False,False,False,False,False,False,False,,,,,,,,,0.9999999999999963,,,Sveltus Kettlebell 12kg,Fitness,Pesa Rusa,False,False,False,False,False,False,False,False,False,False,False,False,False,False,False,False,False,False,False,False,False,True,False,False,True,False,False,False,False,False,False,False,False,False,False,False,False,True,False,False,False,False,False,False
2025-11-17,PROD_014,Sveltus Kettlebell 12kg,Fitness,Pesa Rusa,40,False,,40.68,,True,38.37,35.85,37.93,,,,2025,11,November,17,Monday,0,False,False,,True,4,47,False,False,False,False,False,False,False,,,,,,,,,1.6999999999999995,,,Sveltus Kettlebell 12kg,Fitness,Pesa Rusa,False,False,False,False,False,False,False,False,False,False,False,False,False,False,False,False,False,False,False,False,False,True,False,False,True,False,False,False,False,False,False,False,False,False,False,False,False,True,False,False,False,False,False,False
2025-11-18,PROD_014,Sveltus Kettlebell 12kg,Fitness,Pesa Rusa,40,False,,39.89,,True,44.36,35.22,39.45,,,,2025,11,November,18,Tuesday,1,False,False,,True,4,47,False,False,False,False,False,False,False,,,,,,,,,-0.2749999999999986,,,Sveltus Kettlebell 12kg,Fitness,Pesa Rusa,False,False,False,False,False,False,False,False,False,False,False,False,False,False,False,False,False,False,False,False,False,True,False,False,True,False,False,False,False,False,False,False,False,False,False,False,False,True,False,False,False,False,False,False
2025-11-19,PROD_014,Sveltus Kettlebell 12kg,Fitness,Pesa Rusa,40,False,,40.62,,True,39.53,34.93,41.08,,,,2025,11,November,19,Wednesday,2,False,False,,True,4,47,False,False,False,False,False,False,False,,,,,,,,,1.5499999999999936,,,Sveltus Kettlebell 12kg,Fitness,Pesa Rusa,False,False,False,False,False,False,False,False,False,False,False,False,False,False,False,False,False,False,False,False,False,True,False,False,True,False,False,False,False,False,False,False,False,False,False,False,False,True,False,False,False,False,False,False
2025-11-20,PROD_014,Sveltus Kettlebell 12kg,Fitness,Pesa Rusa,40,False,,40.51,,True,39.76,36.92,39.41,,,,2025,11,November,20,Thursday,3,False,False,,True,4,47,False,False,False,False,False,False,False,,,,,,,,,1.274999999999995,,,Sveltus Kettlebell 12kg,Fitness,Pesa Rusa,False,False,False,False,False,False,False,False,False,False,False,False,False,False,False,False,False,False,False,False,False,True,False,False,True,False,False,False,False,False,False,False,False,False,False,False,False,True,False,False,False,False,False,False
2025-11-21,PROD_014,Sveltus Kettlebell 12kg,Fitness,Pesa Rusa,40,False,,40.55,,True,43.43,37.67,40.82,,,,2025,11,November,21,Friday,4,False,False,,True,4,47,False,False,False,False,False,False,False,,,,,,,,,1.374999999999993,,,Sveltus Kettlebell 12kg,Fitness,Pesa Rusa,False,False,False,False,False,False,False,False,False,False,False,False,False,False,False,False,False,False,False,False,False,True,False,False,True,False,False,False,False,False,False,False,False,False,False,False,False,True,False,False,False,False,False,False
2025-11-22,PROD_014,Sveltus Kettlebell 12kg,Fitness,Pesa Rusa,40,False,,40.25,,True,40.48,34.99,40.34,,,,2025,11,November,22,Saturday,5,True,False,,False,4,47,False,False,False,False,False,False,False,,,,,,,,,0.625,,,Sveltus Kettlebell 12kg,Fitness,Pesa Rusa,False,False,False,False,False,False,False,False,False,False,False,False,False,False,False,False,False,False,False,False,False,True,False,False,True,False,False,False,False,False,False,False,False,False,False,False,False,True,False,False,False,False,False,False
2025-11-23,PROD_014,Sveltus Kettlebell 12kg,Fitness,Pesa Rusa,40,False,,40.51,,True,38.76,36.61,37.63,,,,2025,11,November,23,Sunday,6,True,False,,False,4,47,False,False,False,False,False,False,False,,,,,,,,,1.274999999999995,,,Sveltus Kettlebell 12kg,Fitness,Pesa Rusa,False,False,False,False,False,False,False,False,False,False,False,False,False,False,False,False,False,False,False,False,False,True,False,False,True,False,False,False,False,False,False,False,False,False,False,False,False,True,False,False,False,False,False,False
2025-11-24,PROD_014,Sveltus Kettlebell 12kg,Fitness,Pesa Rusa,40,False,,40.55,,True,40.74,38.67,40.12,,,,2025,11,November,24,Monday,0,False,False,,True,4,48,False,False,False,False,False,False,True,,,,,,,,,1.374999999999993,,,Sveltus Kettlebell 12kg,Fitness,Pesa Rusa,False,False,False,False,False,False,False,False,False,False,False,False,False,False,False,False,False,False,False,False,False,True,False,False,True,False,False,False,False,False,False,False,False,False,False,False,False,True,False,False,False,False,False,False
2025-11-25,PROD_014,Sveltus Kettlebell 12kg,Fitness,Pesa Rusa,40,False,,39.68,,True,45.49,38.8,40.66,,,,2025,11,November,25,Tuesday,1,False,False,,True,4,48,False,False,True,False,False,False,True,,,,,,,,,-0.8000000000000007,,,Sveltus Kettlebell 12kg,Fitness,Pesa Rusa,False,False,False,False,False,False,False,False,False,False,False,False,False,False,False,False,False,False,False,False,False,True,False,False,True,False,False,False,False,False,False,False,False,False,False,False,False,True,False,False,False,False,False,False
2025-11-26,PROD_014,Sveltus Kettlebell 12kg,Fitness,Pesa Rusa,40,False,,40.6,,True,42.77,37.4,39.57,,,,2025,11,November,26,Wednesday,2,False,False,,True,4,48,False,False,True,False,False,False,True,,,,,,,,,1.5000000000000036,,,Sveltus Kettlebell 12kg,Fitness,Pesa Rusa,False,False,False,False,False,False,False,False,False,False,False,False,False,False,False,False,False,False,False,False,False,True,False,False,True,False,False,False,False,False,False,False,False,False,False,False,False,True,False,False,False,False,False,False
2025-11-27,PROD_014,Sveltus Kettlebell 12kg,Fitness,Pesa Rusa,40,False,,39.21,,True,37.57,37.59,38.44,,,,2025,11,November,27,Thursday,3,False,False,,True,4,48,False,False,True,False,False,False,True,,,,,,,,,-1.9749999999999979,,,Sveltus Kettlebell 12kg,Fitness,Pesa Rusa,False,False,False,False,False,False,False,False,False,False,False,False,False,False,False,False,False,False,False,False,False,True,False,False,True,False,False,False,False,False,False,False,False,False,False,False,False,True,False,False,False,False,False,False
2025-11-28,PROD_014,Sveltus Kettlebell 12kg,Fitness,Pesa Rusa,40,False,,34.0,,True,38.05,37.47,39.13,,,,2025,11,November,28,Friday,4,False,False,,True,4,48,False,False,True,False,True,False,True,,,,,,,,,-15.0,,,Sveltus Kettlebell 12kg,Fitness,Pesa Rusa,False,False,False,False,False,False,False,False,False,False,False,False,False,False,False,False,False,False,False,False,False,True,False,False,True,False,False,False,False,False,False,False,False,False,False,False,False,True,False,False,False,False,False,False
2025-11-29,PROD_014,Sveltus Kettlebell 12kg,Fitness,Pesa Rusa,40,False,,40.19,,True,39.04,35.22,40.17,,,,2025,11,November,29,Saturday,5,True,False,,False,4,48,False,False,True,False,False,False,True,,,,,,,,,0.47499999999999437,,,Sveltus Kettlebell 12kg,Fitness,Pesa Rusa,False,False,False,False,False,False,False,False,False,False,False,False,False,False,False,False,False,False,False,False,False,True,False,False,True,False,False,False,False,False,False,False,False,False,False,False,False,True,False,False,False,False,False,False
2025-11-30,PROD_014,Sveltus Kettlebell 12kg,Fitness,Pesa Rusa,40,False,,39.21,,True,43.11,35.61,40.7,,,,2025,11,November,30,Sunday,6,True,False,,False,4,48,False,False,True,True,False,False,True,,,,,,,,,-1.9749999999999979,,,Sveltus Kettlebell 12kg,Fitness,Pesa Rusa,False,False,False,False,False,False,False,False,False,False,False,False,False,False,False,False,False,False,False,False,False,True,False,False,True,False,False,False,False,False,False,False,False,False,False,False,False,True,False,False,False,False,False,False
2025-11-01,PROD_015,Salomon Speedcross 5 GTX,Outdoor,Zapatillas Trail,150,True,,150.0,,True,146.88,142.99,143.31,,,,2025,11,November,1,Saturday,5,True,False,,False,4,44,True,True,False,False,False,False,False,4.0,3.0,5.0,4.0,5.0,5.0,6.0,,0.0,,,Salomon Speedcross 5 GTX,Outdoor,Zapatillas Trail,False,False,False,False,False,False,False,False,False,False,False,False,False,False,False,False,False,False,False,False,True,False,False,False,False,True,False,False,False,False,False,False,False,False,False,False,False,False,False,False,False,False,False,True
2025-11-02,PROD_015,Salomon Speedcross 5 GTX,Outdoor,Zapatillas Trail,150,True,,150.0,,True,146.67,143.89,130.77,,,,2025,11,November,2,Sunday,6,True,False,,False,4,44,True,False,False,False,False,False,False,,4.0,3.0,5.0,4.0,5.0,5.0,,0.0,,,Salomon Speedcross 5 GTX,Outdoor,Zapatillas Trail,False,False,False,False,False,False,False,False,False,False,False,False,False,False,False,False,False,False,False,False,True,False,False,False,False,True,False,False,False,False,False,False,False,False,False,False,False,False,False,False,False,False,False,True
2025-11-03,PROD_015,Salomon Speedcross 5 GTX,Outdoor,Zapatillas Trail,150,True,,150.0,,True,146.22,158.74,145.11,,,,2025,11,November,3,Monday,0,False,False,,True,4,45,True,False,False,False,False,False,False,,,4.0,3.0,5.0,4.0,5.0,,0.0,,,Salomon Speedcross 5 GTX,Outdoor,Zapatillas Trail,False,False,False,False,False,False,False,False,False,False,False,False,False,False,False,False,False,False,False,False,True,False,False,False,False,True,False,False,False,False,False,False,False,False,False,False,False,False,False,False,False,False,False,True
2025-11-04,PROD_015,Salomon Speedcross 5 GTX,Outdoor,Zapatillas Trail,150,True,,150.0,,True,147.09,138.11,134.81,,,,2025,11,November,4,Tuesday,1,False,False,,True,4,45,True,False,False,False,False,False,False,,,,4.0,3.0,5.0,4.0,,0.0,,,Salomon Speedcross 5 GTX,Outdoor,Zapatillas Trail,False,False,False,False,False,False,False,False,False,False,False,False,False,False,False,False,False,False,False,False,True,False,False,False,False,True,False,False,False,False,False,False,False,False,False,False,False,False,False,False,False,False,False,True
2025-11-05,PROD_015,Salomon Speedcross 5 GTX,Outdoor,Zapatillas Trail,150,True,,150.0,,True,148.32,141.27,135.74,,,,2025,11,November,5,Wednesday,2,False,False,,True,4,45,True,False,False,False,False,False,False,,,,,4.0,3.0,5.0,,0.0,,,Salomon Speedcross 5 GTX,Outdoor,Zapatillas Trail,False,False,False,False,False,False,False,False,False,False,False,False,False,False,False,False,False,False,False,False,True,False,False,False,False,True,False,False,False,False,False,False,False,False,False,False,False,False,False,False,False,False,False,True
2025-11-06,PROD_015,Salomon Speedcross 5 GTX,Outdoor,Zapatillas Trail,150,True,,150.0,,True,140.61,140.9,149.02,,,,2025,11,November,6,Thursday,3,False,False,,True,4,45,True,False,False,False,False,False,False,,,,,,4.0,3.0,,0.0,,,Salomon Speedcross 5 GTX,Outdoor,Zapatillas Trail,False,False,False,False,False,False,False,False,False,False,False,False,False,False,False,False,False,False,False,False,True,False,False,False,False,True,False,False,False,False,False,False,False,False,False,False,False,False,False,False,False,False,False,True
2025-11-07,PROD_015,Salomon Speedcross 5 GTX,Outdoor,Zapatillas Trail,150,True,,150.0,,True,128.88,149.29,141.97,,,,2025,11,November,7,Friday,4,False,False,,True,4,45,True,False,False,False,False,False,False,,,,,,,4.0,,0.0,,,Salomon Speedcross 5 GTX,Outdoor,Zapatillas Trail,False,False,False,False,False,False,False,False,False,False,False,False,False,False,False,False,False,False,False,False,True,False,False,False,False,True,False,False,False,False,False,False,False,False,False,False,False,False,False,False,False,False,False,True
2025-11-08,PROD_015,Salomon Speedcross 5 GTX,Outdoor,Zapatillas Trail,150,True,,150.0,,True,151.17,145.92,141.69,,,,2025,11,November,8,Saturday,5,True,False,,False,4,45,False,False,False,False,False,False,False,,,,,,,,,0.0,,,Salomon Speedcross 5 GTX,Outdoor,Zapatillas Trail,False,False,False,False,False,False,False,False,False,False,False,False,False,False,False,False,False,False,False,False,True,False,False,False,False,True,False,False,False,False,False,False,False,False,False,False,False,False,False,False,False,False,False,True
2025-11-09,PROD_015,Salomon Speedcross 5 GTX,Outdoor,Zapatillas Trail,150,True,,150.0,,True,147.81,155.22,142.24,,,,2025,11,November,9,Sunday,6,True,False,,False,4,45,False,False,False,False,False,False,False,,,,,,,,,0.0,,,Salomon Speedcross 5 GTX,Outdoor,Zapatillas Trail,False,False,False,False,False,False,False,False,False,False,False,False,False,False,False,False,False,False,False,False,True,False,False,False,False,True,False,False,False,False,False,False,False,False,False,False,False,False,False,False,False,False,False,True
2025-11-10,PROD_015,Salomon Speedcross 5 GTX,Outdoor,Zapatillas Trail,150,True,,150.0,,True,137.39,148.82,140.1,,,,2025,11,November,10,Monday,0,False,False,,True,4,46,False,False,False,False,False,False,False,,,,,,,,,0.0,,,Salomon Speedcross 5 GTX,Outdoor,Zapatillas Trail,False,False,False,False,False,False,False,False,False,False,False,False,False,False,False,False,False,False,False,False,True,False,False,False,False,True,False,False,False,False,False,False,False,False,False,False,False,False,False,False,False,False,False,True
2025-11-11,PROD_015,Salomon Speedcross 5 GTX,Outdoor,Zapatillas Trail,150,True,,150.0,,True,137.02,150.64,141.36,,,,2025,11,November,11,Tuesday,1,False,False,,True,4,46,False,False,False,False,False,False,False,,,,,,,,,0.0,,,Salomon Speedcross 5 GTX,Outdoor,Zapatillas Trail,False,False,False,False,False,False,False,False,False,False,False,False,False,False,False,False,False,False,False,False,True,False,False,False,False,True,False,False,False,False,False,False,False,False,False,False,False,False,False,False,False,False,False,True
2025-11-12,PROD_015,Salomon Speedcross 5 GTX,Outdoor,Zapatillas Trail,150,True,,150.0,,True,136.15,154.21,129.09,,,,2025,11,November,12,Wednesday,2,False,False,,True,4,46,False,False,False,False,False,False,False,,,,,,,,,0.0,,,Salomon Speedcross 5 GTX,Outdoor,Zapatillas Trail,False,False,False,False,False,False,False,False,False,False,False,False,False,False,False,False,False,False,False,False,True,False,False,False,False,True,False,False,False,False,False,False,False,False,False,False,False,False,False,False,False,False,False,True
2025-11-13,PROD_015,Salomon Speedcross 5 GTX,Outdoor,Zapatillas Trail,150,True,,150.0,,True,134.59,138.71,146.62,,,,2025,11,November,13,Thursday,3,False,False,,True,4,46,False,False,False,False,False,False,False,,,,,,,,,0.0,,,Salomon Speedcross 5 GTX,Outdoor,Zapatillas Trail,False,False,False,False,False,False,False,False,False,False,False,False,False,False,False,False,False,False,False,False,True,False,False,False,False,True,False,False,False,False,False,False,False,False,False,False,False,False,False,False,False,False,False,True
2025-11-14,PROD_015,Salomon Speedcross 5 GTX,Outdoor,Zapatillas Trail,150,True,,150.0,,True,140.49,155.94,148.14,,,,2025,11,November,14,Friday,4,False,False,,True,4,46,False,False,False,False,False,False,False,,,,,,,,,0.0,,,Salomon Speedcross 5 GTX,Outdoor,Zapatillas Trail,False,False,False,False,False,False,False,False,False,False,False,False,False,False,False,False,False,False,False,False,True,False,False,False,False,True,False,False,False,False,False,False,False,False,False,False,False,False,False,False,False,False,False,True
2025-11-15,PROD_015,Salomon Speedcross 5 GTX,Outdoor,Zapatillas Trail,150,True,,150.0,,True,145.83,146.39,132.65,,,,2025,11,November,15,Saturday,5,True,False,,False,4,46,False,False,False,False,False,False,False,,,,,,,,,0.0,,,Salomon Speedcross 5 GTX,Outdoor,Zapatillas Trail,False,False,False,False,False,False,False,False,False,False,False,False,False,False,False,False,False,False,False,False,True,False,False,False,False,True,False,False,False,False,False,False,False,False,False,False,False,False,False,False,False,False,False,True
2025-11-16,PROD_015,Salomon Speedcross 5 GTX,Outdoor,Zapatillas Trail,150,True,,150.0,,True,153.7,148.54,141.89,,,,2025,11,November,16,Sunday,6,True,False,,False,4,46,False,False,False,False,False,False,False,,,,,,,,,0.0,,,Salomon Speedcross 5 GTX,Outdoor,Zapatillas Trail,False,False,False,False,False,False,False,False,False,False,False,False,False,False,False,False,False,False,False,False,True,False,False,False,False,True,False,False,False,False,False,False,False,False,False,False,False,False,False,False,False,False,False,True
2025-11-17,PROD_015,Salomon Speedcross 5 GTX,Outdoor,Zapatillas Trail,150,True,,150.0,,True,146.07,142.52,136.72,,,,2025,11,November,17,Monday,0,False,False,,True,4,47,False,False,False,False,False,False,False,,,,,,,,,0.0,,,Salomon Speedcross 5 GTX,Outdoor,Zapatillas Trail,False,False,False,False,False,False,False,False,False,False,False,False,False,False,False,False,False,False,False,False,True,False,False,False,False,True,False,False,False,False,False,False,False,False,False,False,False,False,False,False,False,False,False,True
2025-11-18,PROD_015,Salomon Speedcross 5 GTX,Outdoor,Zapatillas Trail,150,True,,150.0,,True,145.81,142.97,138.67,,,,2025,11,November,18,Tuesday,1,False,False,,True,4,47,False,False,False,False,False,False,False,,,,,,,,,0.0,,,Salomon Speedcross 5 GTX,Outdoor,Zapatillas Trail,False,False,False,False,False,False,False,False,False,False,False,False,False,False,False,False,False,False,False,False,True,False,False,False,False,True,False,False,False,False,False,False,False,False,False,False,False,False,False,False,False,False,False,True
2025-11-19,PROD_015,Salomon Speedcross 5 GTX,Outdoor,Zapatillas Trail,150,True,,150.0,,True,139.7,158.15,134.11,,,,2025,11,November,19,Wednesday,2,False,False,,True,4,47,False,False,False,False,False,False,False,,,,,,,,,0.0,,,Salomon Speedcross 5 GTX,Outdoor,Zapatillas Trail,False,False,False,False,False,False,False,False,False,False,False,False,False,False,False,False,False,False,False,False,True,False,False,False,False,True,False,False,False,False,False,False,False,False,False,False,False,False,False,False,False,False,False,True
2025-11-20,PROD_015,Salomon Speedcross 5 GTX,Outdoor,Zapatillas Trail,150,True,,150.0,,True,145.07,147.23,139.96,,,,2025,11,November,20,Thursday,3,False,False,,True,4,47,False,False,False,False,False,False,False,,,,,,,,,0.0,,,Salomon Speedcross 5 GTX,Outdoor,Zapatillas Trail,False,False,False,False,False,False,False,False,False,False,False,False,False,False,False,False,False,False,False,False,True,False,False,False,False,True,False,False,False,False,False,False,False,False,False,False,False,False,False,False,False,False,False,True
2025-11-21,PROD_015,Salomon Speedcross 5 GTX,Outdoor,Zapatillas Trail,150,True,,150.0,,True,150.24,153.04,135.2,,,,2025,11,November,21,Friday,4,False,False,,True,4,47,False,False,False,False,False,False,False,,,,,,,,,0.0,,,Salomon Speedcross 5 GTX,Outdoor,Zapatillas Trail,False,False,False,False,False,False,False,False,False,False,False,False,False,False,False,False,False,False,False,False,True,False,False,False,False,True,False,False,False,False,False,False,False,False,False,False,False,False,False,False,False,False,False,True
2025-11-22,PROD_015,Salomon Speedcross 5 GTX,Outdoor,Zapatillas Trail,150,True,,150.0,,True,147.57,143.4,143.87,,,,2025,11,November,22,Saturday,5,True,False,,False,4,47,False,False,False,False,False,False,False,,,,,,,,,0.0,,,Salomon Speedcross 5 GTX,Outdoor,Zapatillas Trail,False,False,False,False,False,False,False,False,False,False,False,False,False,False,False,False,False,False,False,False,True,False,False,False,False,True,False,False,False,False,False,False,False,False,False,False,False,False,False,False,False,False,False,True
2025-11-23,PROD_015,Salomon Speedcross 5 GTX,Outdoor,Zapatillas Trail,150,True,,150.0,,True,145.6,164.85,147.08,,,,2025,11,November,23,Sunday,6,True,False,,False,4,47,False,False,False,False,False,False,False,,,,,,,,,0.0,,,Salomon Speedcross 5 GTX,Outdoor,Zapatillas Trail,False,False,False,False,False,False,False,False,False,False,False,False,False,False,False,False,False,False,False,False,True,False,False,False,False,True,False,False,False,False,False,False,False,False,False,False,False,False,False,False,False,False,False,True
2025-11-24,PROD_015,Salomon Speedcross 5 GTX,Outdoor,Zapatillas Trail,150,True,,150.0,,True,140.56,138.95,136.34,,,,2025,11,November,24,Monday,0,False,False,,True,4,48,False,False,False,False,False,False,True,,,,,,,,,0.0,,,Salomon Speedcross 5 GTX,Outdoor,Zapatillas Trail,False,False,False,False,False,False,False,False,False,False,False,False,False,False,False,False,False,False,False,False,True,False,False,False,False,True,False,False,False,False,False,False,False,False,False,False,False,False,False,False,False,False,False,True
2025-11-25,PROD_015,Salomon Speedcross 5 GTX,Outdoor,Zapatillas Trail,150,True,,150.0,,True,138.6,145.0,138.72,,,,2025,11,November,25,Tuesday,1,False,False,,True,4,48,False,False,True,False,False,False,True,,,,,,,,,0.0,,,Salomon Speedcross 5 GTX,Outdoor,Zapatillas Trail,False,False,False,False,False,False,False,False,False,False,False,False,False,False,False,False,False,False,False,False,True,False,False,False,False,True,False,False,False,False,False,False,False,False,False,False,False,False,False,False,False,False,False,True
2025-11-26,PROD_015,Salomon Speedcross 5 GTX,Outdoor,Zapatillas Trail,150,True,,150.0,,True,133.92,155.9,136.38,,,,2025,11,November,26,Wednesday,2,False,False,,True,4,48,False,False,True,False,False,False,True,,,,,,,,,0.0,,,Salomon Speedcross 5 GTX,Outdoor,Zapatillas Trail,False,False,False,False,False,False,False,False,False,False,False,False,False,False,False,False,False,False,False,False,True,False,False,False,False,True,False,False,False,False,False,False,False,False,False,False,False,False,False,False,False,False,False,True
2025-11-27,PROD_015,Salomon Speedcross 5 GTX,Outdoor,Zapatillas Trail,150,True,,150.0,,True,146.53,140.65,149.84,,,,2025,11,November,27,Thursday,3,False,False,,True,4,48,False,False,True,False,False,False,True,,,,,,,,,0.0,,,Salomon Speedcross 5 GTX,Outdoor,Zapatillas Trail,False,False,False,False,False,False,False,False,False,False,False,False,False,False,False,False,False,False,False,False,True,False,False,False,False,True,False,False,False,False,False,False,False,False,False,False,False,False,False,False,False,False,False,True
2025-11-28,PROD_015,Salomon Speedcross 5 GTX,Outdoor,Zapatillas Trail,150,True,,127.5,,True,138.2,148.52,130.33,,,,2025,11,November,28,Friday,4,False,False,,True,4,48,False,False,True,False,True,False,True,,,,,,,,,-15.0,,,Salomon Speedcross 5 GTX,Outdoor,Zapatillas Trail,False,False,False,False,False,False,False,False,False,False,False,False,False,False,False,False,False,False,False,False,True,False,False,False,False,True,False,False,False,False,False,False,False,False,False,False,False,False,False,False,False,False,False,True
2025-11-29,PROD_015,Salomon Speedcross 5 GTX,Outdoor,Zapatillas Trail,150,True,,150.0,,True,137.14,145.77,128.51,,,,2025,11,November,29,Saturday,5,True,False,,False,4,48,False,False,True,False,False,False,True,,,,,,,,,0.0,,,Salomon Speedcross 5 GTX,Outdoor,Zapatillas Trail,False,False,False,False,False,False,False,False,False,False,False,False,False,False,False,False,False,False,False,False,True,False,False,False,False,True,False,False,False,False,False,False,False,False,False,False,False,False,False,False,False,False,False,True
2025-11-30,PROD_015,Salomon Speedcross 5 GTX,Outdoor,Zapatillas Trail,150,True,,150.0,,True,138.02,164.32,142.78,,,,2025,11,November,30,Sunday,6,True,False,,False,4,48,False,False,True,True,False,False,True,,,,,,,,,0.0,,,Salomon Speedcross 5 GTX,Outdoor,Zapatillas Trail,False,False,False,False,False,False,False,False,False,False,False,False,False,False,False,False,False,False,False,False,True,False,False,False,False,True,False,False,False,False,False,False,False,False,False,False,False,False,False,False,False,False,False,True
2025-11-01,PROD_016,Trek Marlin 7,Outdoor,Bicicleta Montaña,830,True,,830.0,,True,823.61,719.37,850.89,,,,2025,11,November,1,Saturday,5,True,False,,False,4,44,True,True,False,False,False,False,False,3.0,3.0,3.0,3.0,3.0,4.0,5.0,,0.0,,,Trek Marlin 7,Outdoor,Bicicleta Montaña,False,False,False,False,False,False,False,False,False,False,False,False,False,False,False,False,False,False,False,False,False,False,False,True,False,True,False,False,False,False,True,False,False,False,False,False,False,False,False,False,False,False,False,False
2025-11-02,PROD_016,Trek Marlin 7,Outdoor,Bicicleta Montaña,830,True,,830.0,,True,797.79,740.68,840.54,,,,2025,11,November,2,Sunday,6,True,False,,False,4,44,True,False,False,False,False,False,False,,3.0,3.0,3.0,3.0,3.0,4.0,,0.0,,,Trek Marlin 7,Outdoor,Bicicleta Montaña,False,False,False,False,False,False,False,False,False,False,False,False,False,False,False,False,False,False,False,False,False,False,False,True,False,True,False,False,False,False,True,False,False,False,False,False,False,False,False,False,False,False,False,False
2025-11-03,PROD_016,Trek Marlin 7,Outdoor,Bicicleta Montaña,830,True,,830.0,,True,726.77,715.19,832.28,,,,2025,11,November,3,Monday,0,False,False,,True,4,45,True,False,False,False,False,False,False,,,3.0,3.0,3.0,3.0,3.0,,0.0,,,Trek Marlin 7,Outdoor,Bicicleta Montaña,False,False,False,False,False,False,False,False,False,False,False,False,False,False,False,False,False,False,False,False,False,False,False,True,False,True,False,False,False,False,True,False,False,False,False,False,False,False,False,False,False,False,False,False
2025-11-04,PROD_016,Trek Marlin 7,Outdoor,Bicicleta Montaña,830,True,,830.0,,True,820.95,750.95,766.18,,,,2025,11,November,4,Tuesday,1,False,False,,True,4,45,True,False,False,False,False,False,False,,,,3.0,3.0,3.0,3.0,,0.0,,,Trek Marlin 7,Outdoor,Bicicleta Montaña,False,False,False,False,False,False,False,False,False,False,False,False,False,False,False,False,False,False,False,False,False,False,False,True,False,True,False,False,False,False,True,False,False,False,False,False,False,False,False,False,False,False,False,False
2025-11-05,PROD_016,Trek Marlin 7,Outdoor,Bicicleta Montaña,830,True,,830.0,,True,761.24,725.34,884.18,,,,2025,11,November,5,Wednesday,2,False,False,,True,4,45,True,False,False,False,False,False,False,,,,,3.0,3.0,3.0,,0.0,,,Trek Marlin 7,Outdoor,Bicicleta Montaña,False,False,False,False,False,False,False,False,False,False,False,False,False,False,False,False,False,False,False,False,False,False,False,True,False,True,False,False,False,False,True,False,False,False,False,False,False,False,False,False,False,False,False,False
2025-11-06,PROD_016,Trek Marlin 7,Outdoor,Bicicleta Montaña,830,True,,830.0,,True,724.77,732.95,816.34,,,,2025,11,November,6,Thursday,3,False,False,,True,4,45,True,False,False,False,False,False,False,,,,,,3.0,3.0,,0.0,,,Trek Marlin 7,Outdoor,Bicicleta Montaña,False,False,False,False,False,False,False,False,False,False,False,False,False,False,False,False,False,False,False,False,False,False,False,True,False,True,False,False,False,False,True,False,False,False,False,False,False,False,False,False,False,False,False,False
2025-11-07,PROD_016,Trek Marlin 7,Outdoor,Bicicleta Montaña,830,True,,830.0,,True,790.1,726.44,802.27,,,,2025,11,November,7,Friday,4,False,False,,True,4,45,True,False,False,False,False,False,False,,,,,,,3.0,,0.0,,,Trek Marlin 7,Outdoor,Bicicleta Montaña,False,False,False,False,False,False,False,False,False,False,False,False,False,False,False,False,False,False,False,False,False,False,False,True,False,True,False,False,False,False,True,False,False,False,False,False,False,False,False,False,False,False,False,False
2025-11-08,PROD_016,Trek Marlin 7,Outdoor,Bicicleta Montaña,830,True,,830.0,,True,771.65,740.89,856.51,,,,2025,11,November,8,Saturday,5,True,False,,False,4,45,False,False,False,False,False,False,False,,,,,,,,,0.0,,,Trek Marlin 7,Outdoor,Bicicleta Montaña,False,False,False,False,False,False,False,False,False,False,False,False,False,False,False,False,False,False,False,False,False,False,False,True,False,True,False,False,False,False,True,False,False,False,False,False,False,False,False,False,False,False,False,False
2025-11-09,PROD_016,Trek Marlin 7,Outdoor,Bicicleta Montaña,830,True,,830.0,,True,778.9,716.64,814.06,,,,2025,11,November,9,Sunday,6,True,False,,False,4,45,False,False,False,False,False,False,False,,,,,,,,,0.0,,,Trek Marlin 7,Outdoor,Bicicleta Montaña,False,False,False,False,False,False,False,False,False,False,False,False,False,False,False,False,False,False,False,False,False,False,False,True,False,True,False,False,False,False,True,False,False,False,False,False,False,False,False,False,False,False,False,False
2025-11-10,PROD_016,Trek Marlin 7,Outdoor,Bicicleta Montaña,830,True,,830.0,,True,835.7,779.27,804.27,,,,2025,11,November,10,Monday,0,False,False,,True,4,46,False,False,False,False,False,False,False,,,,,,,,,0.0,,,Trek Marlin 7,Outdoor,Bicicleta Montaña,False,False,False,False,False,False,False,False,False,False,False,False,False,False,False,False,False,False,False,False,False,False,False,True,False,True,False,False,False,False,True,False,False,False,False,False,False,False,False,False,False,False,False,False
2025-11-11,PROD_016,Trek Marlin 7,Outdoor,Bicicleta Montaña,830,True,,830.0,,True,834.77,782.9,893.91,,,,2025,11,November,11,Tuesday,1,False,False,,True,4,46,False,False,False,False,False,False,False,,,,,,,,,0.0,,,Trek Marlin 7,Outdoor,Bicicleta Montaña,False,False,False,False,False,False,False,False,False,False,False,False,False,False,False,False,False,False,False,False,False,False,False,True,False,True,False,False,False,False,True,False,False,False,False,False,False,False,False,False,False,False,False,False
2025-11-12,PROD_016,Trek Marlin 7,Outdoor,Bicicleta Montaña,830,True,,830.0,,True,849.3,790.75,791.44,,,,2025,11,November,12,Wednesday,2,False,False,,True,4,46,False,False,False,False,False,False,False,,,,,,,,,0.0,,,Trek Marlin 7,Outdoor,Bicicleta Montaña,False,False,False,False,False,False,False,False,False,False,False,False,False,False,False,False,False,False,False,False,False,False,False,True,False,True,False,False,False,False,True,False,False,False,False,False,False,False,False,False,False,False,False,False
2025-11-13,PROD_016,Trek Marlin 7,Outdoor,Bicicleta Montaña,830,True,,830.0,,True,792.06,721.95,875.28,,,,2025,11,November,13,Thursday,3,False,False,,True,4,46,False,False,False,False,False,False,False,,,,,,,,,0.0,,,Trek Marlin 7,Outdoor,Bicicleta Montaña,False,False,False,False,False,False,False,False,False,False,False,False,False,False,False,False,False,False,False,False,False,False,False,True,False,True,False,False,False,False,True,False,False,False,False,False,False,False,False,False,False,False,False,False
2025-11-14,PROD_016,Trek Marlin 7,Outdoor,Bicicleta Montaña,830,True,,830.0,,True,782.2,806.79,753.64,,,,2025,11,November,14,Friday,4,False,False,,True,4,46,False,False,False,False,False,False,False,,,,,,,,,0.0,,,Trek Marlin 7,Outdoor,Bicicleta Montaña,False,False,False,False,False,False,False,False,False,False,False,False,False,False,False,False,False,False,False,False,False,False,False,True,False,True,False,False,False,False,True,False,False,False,False,False,False,False,False,False,False,False,False,False
2025-11-15,PROD_016,Trek Marlin 7,Outdoor,Bicicleta Montaña,830,True,,830.0,,True,775.28,711.71,787.93,,,,2025,11,November,15,Saturday,5,True,False,,False,4,46,False,False,False,False,False,False,False,,,,,,,,,0.0,,,Trek Marlin 7,Outdoor,Bicicleta Montaña,False,False,False,False,False,False,False,False,False,False,False,False,False,False,False,False,False,False,False,False,False,False,False,True,False,True,False,False,False,False,True,False,False,False,False,False,False,False,False,False,False,False,False,False
2025-11-16,PROD_016,Trek Marlin 7,Outdoor,Bicicleta Montaña,830,True,,830.0,,True,791.25,820.04,857.37,,,,2025,11,November,16,Sunday,6,True,False,,False,4,46,False,False,False,False,False,False,False,,,,,,,,,0.0,,,Trek Marlin 7,Outdoor,Bicicleta Montaña,False,False,False,False,False,False,False,False,False,False,False,False,False,False,False,False,False,False,False,False,False,False,False,True,False,True,False,False,False,False,True,False,False,False,False,False,False,False,False,False,False,False,False,False
2025-11-17,PROD_016,Trek Marlin 7,Outdoor,Bicicleta Montaña,830,True,,830.0,,True,745.94,699.31,849.35,,,,2025,11,November,17,Monday,0,False,False,,True,4,47,False,False,False,False,False,False,False,,,,,,,,,0.0,,,Trek Marlin 7,Outdoor,Bicicleta Montaña,False,False,False,False,False,False,False,False,False,False,False,False,False,False,False,False,False,False,False,False,False,False,False,True,False,True,False,False,False,False,True,False,False,False,False,False,False,False,False,False,False,False,False,False
2025-11-18,PROD_016,Trek Marlin 7,Outdoor,Bicicleta Montaña,830,True,,830.0,,True,808.06,689.08,833.46,,,,2025,11,November,18,Tuesday,1,False,False,,True,4,47,False,False,False,False,False,False,False,,,,,,,,,0.0,,,Trek Marlin 7,Outdoor,Bicicleta Montaña,False,False,False,False,False,False,False,False,False,False,False,False,False,False,False,False,False,False,False,False,False,False,False,True,False,True,False,False,False,False,True,False,False,False,False,False,False,False,False,False,False,False,False,False
2025-11-19,PROD_016,Trek Marlin 7,Outdoor,Bicicleta Montaña,830,True,,830.0,,True,811.28,708.34,832.9,,,,2025,11,November,19,Wednesday,2,False,False,,True,4,47,False,False,False,False,False,False,False,,,,,,,,,0.0,,,Trek Marlin 7,Outdoor,Bicicleta Montaña,False,False,False,False,False,False,False,False,False,False,False,False,False,False,False,False,False,False,False,False,False,False,False,True,False,True,False,False,False,False,True,False,False,False,False,False,False,False,False,False,False,False,False,False
2025-11-20,PROD_016,Trek Marlin 7,Outdoor,Bicicleta Montaña,830,True,,830.0,,True,855.73,779.75,797.38,,,,2025,11,November,20,Thursday,3,False,False,,True,4,47,False,False,False,False,False,False,False,,,,,,,,,0.0,,,Trek Marlin 7,Outdoor,Bicicleta Montaña,False,False,False,False,False,False,False,False,False,False,False,False,False,False,False,False,False,False,False,False,False,False,False,True,False,True,False,False,False,False,True,False,False,False,False,False,False,False,False,False,False,False,False,False
2025-11-21,PROD_016,Trek Marlin 7,Outdoor,Bicicleta Montaña,830,True,,830.0,,True,803.53,820.04,818.46,,,,2025,11,November,21,Friday,4,False,False,,True,4,47,False,False,False,False,False,False,False,,,,,,,,,0.0,,,Trek Marlin 7,Outdoor,Bicicleta Montaña,False,False,False,False,False,False,False,False,False,False,False,False,False,False,False,False,False,False,False,False,False,False,False,True,False,True,False,False,False,False,True,False,False,False,False,False,False,False,False,False,False,False,False,False
2025-11-22,PROD_016,Trek Marlin 7,Outdoor,Bicicleta Montaña,830,True,,830.0,,True,831.13,763.42,888.8,,,,2025,11,November,22,Saturday,5,True,False,,False,4,47,False,False,False,False,False,False,False,,,,,,,,,0.0,,,Trek Marlin 7,Outdoor,Bicicleta Montaña,False,False,False,False,False,False,False,False,False,False,False,False,False,False,False,False,False,False,False,False,False,False,False,True,False,True,False,False,False,False,True,False,False,False,False,False,False,False,False,False,False,False,False,False
2025-11-23,PROD_016,Trek Marlin 7,Outdoor,Bicicleta Montaña,830,True,,830.0,,True,840.2,730.41,769.84,,,,2025,11,November,23,Sunday,6,True,False,,False,4,47,False,False,False,False,False,False,False,,,,,,,,,0.0,,,Trek Marlin 7,Outdoor,Bicicleta Montaña,False,False,False,False,False,False,False,False,False,False,False,False,False,False,False,False,False,False,False,False,False,False,False,True,False,True,False,False,False,False,True,False,False,False,False,False,False,False,False,False,False,False,False,False
2025-11-24,PROD_016,Trek Marlin 7,Outdoor,Bicicleta Montaña,830,True,,830.0,,True,768.96,677.28,808.66,,,,2025,11,November,24,Monday,0,False,False,,True,4,48,False,False,False,False,False,False,True,,,,,,,,,0.0,,,Trek Marlin 7,Outdoor,Bicicleta Montaña,False,False,False,False,False,False,False,False,False,False,False,False,False,False,False,False,False,False,False,False,False,False,False,True,False,True,False,False,False,False,True,False,False,False,False,False,False,False,False,False,False,False,False,False
2025-11-25,PROD_016,Trek Marlin 7,Outdoor,Bicicleta Montaña,830,True,,830.0,,True,769.63,802.34,727.91,,,,2025,11,November,25,Tuesday,1,False,False,,True,4,48,False,False,True,False,False,False,True,,,,,,,,,0.0,,,Trek Marlin 7,Outdoor,Bicicleta Montaña,False,False,False,False,False,False,False,False,False,False,False,False,False,False,False,False,False,False,False,False,False,False,False,True,False,True,False,False,False,False,True,False,False,False,False,False,False,False,False,False,False,False,False,False
2025-11-26,PROD_016,Trek Marlin 7,Outdoor,Bicicleta Montaña,830,True,,830.0,,True,765.06,774.03,829.35,,,,2025,11,November,26,Wednesday,2,False,False,,True,4,48,False,False,True,False,False,False,True,,,,,,,,,0.0,,,Trek Marlin 7,Outdoor,Bicicleta Montaña,False,False,False,False,False,False,False,False,False,False,False,False,False,False,False,False,False,False,False,False,False,False,False,True,False,True,False,False,False,False,True,False,False,False,False,False,False,False,False,False,False,False,False,False
2025-11-27,PROD_016,Trek Marlin 7,Outdoor,Bicicleta Montaña,830,True,,830.0,,True,703.01,809.21,819.67,,,,2025,11,November,27,Thursday,3,False,False,,True,4,48,False,False,True,False,False,False,True,,,,,,,,,0.0,,,Trek Marlin 7,Outdoor,Bicicleta Montaña,False,False,False,False,False,False,False,False,False,False,False,False,False,False,False,False,False,False,False,False,False,False,False,True,False,True,False,False,False,False,True,False,False,False,False,False,False,False,False,False,False,False,False,False
2025-11-28,PROD_016,Trek Marlin 7,Outdoor,Bicicleta Montaña,830,True,,705.5,,True,727.16,732.98,747.2,,,,2025,11,November,28,Friday,4,False,False,,True,4,48,False,False,True,False,True,False,True,,,,,,,,,-15.0,,,Trek Marlin 7,Outdoor,Bicicleta Montaña,False,False,False,False,False,False,False,False,False,False,False,False,False,False,False,False,False,False,False,False,False,False,False,True,False,True,False,False,False,False,True,False,False,False,False,False,False,False,False,False,False,False,False,False
2025-11-29,PROD_016,Trek Marlin 7,Outdoor,Bicicleta Montaña,830,True,,830.0,,True,744.12,700.42,770.41,,,,2025,11,November,29,Saturday,5,True,False,,False,4,48,False,False,True,False,False,False,True,,,,,,,,,0.0,,,Trek Marlin 7,Outdoor,Bicicleta Montaña,False,False,False,False,False,False,False,False,False,False,False,False,False,False,False,False,False,False,False,False,False,False,False,True,False,True,False,False,False,False,True,False,False,False,False,False,False,False,False,False,False,False,False,False
2025-11-30,PROD_016,Trek Marlin 7,Outdoor,Bicicleta Montaña,830,True,,830.0,,True,757.9,771.23,851.27,,,,2025,11,November,30,Sunday,6,True,False,,False,4,48,False,False,True,True,False,False,True,,,,,,,,,0.0,,,Trek Marlin 7,Outdoor,Bicicleta Montaña,False,False,False,False,False,False,False,False,False,False,False,False,False,False,False,False,False,False,False,False,False,False,False,True,False,True,False,False,False,False,True,False,False,False,False,False,False,False,False,False,False,False,False,False
2025-11-01,PROD_017,The North Face Borealis,Outdoor,Mochila Trekking,95,False,,95.07,,True,88.71,86.24,91.85,,,,2025,11,November,1,Saturday,5,True,False,,False,4,44,True,True,False,False,False,False,False,3.0,2.0,6.0,3.0,1.0,1.0,3.0,,0.07368421052630861,,,The North Face Borealis,Outdoor,Mochila Trekking,False,False,False,False,False,False,False,False,False,False,False,False,False,False,False,False,False,False,False,False,False,False,True,False,False,True,False,False,False,False,False,False,False,False,False,False,True,False,False,False,False,False,False,False
2025-11-02,PROD_017,The North Face Borealis,Outdoor,Mochila Trekking,95,False,,93.44,,True,85.12,88.18,89.53,,,,2025,11,November,2,Sunday,6,True,False,,False,4,44,True,False,False,False,False,False,False,,3.0,2.0,6.0,3.0,1.0,1.0,,-1.6421052631578972,,,The North Face Borealis,Outdoor,Mochila Trekking,False,False,False,False,False,False,False,False,False,False,False,False,False,False,False,False,False,False,False,False,False,False,True,False,False,True,False,False,False,False,False,False,False,False,False,False,True,False,False,False,False,False,False,False
2025-11-03,PROD_017,The North Face Borealis,Outdoor,Mochila Trekking,95,False,,95.9,,True,89.3,92.14,98.79,,,,2025,11,November,3,Monday,0,False,False,,True,4,45,True,False,False,False,False,False,False,,,3.0,2.0,6.0,3.0,1.0,,0.9473684210526375,,,The North Face Borealis,Outdoor,Mochila Trekking,False,False,False,False,False,False,False,False,False,False,False,False,False,False,False,False,False,False,False,False,False,False,True,False,False,True,False,False,False,False,False,False,False,False,False,False,True,False,False,False,False,False,False,False
2025-11-04,PROD_017,The North Face Borealis,Outdoor,Mochila Trekking,95,False,,93.55,,True,97.27,90.1,93.33,,,,2025,11,November,4,Tuesday,1,False,False,,True,4,45,True,False,False,False,False,False,False,,,,3.0,2.0,6.0,3.0,,-1.5263157894736872,,,The North Face Borealis,Outdoor,Mochila Trekking,False,False,False,False,False,False,False,False,False,False,False,False,False,False,False,False,False,False,False,False,False,False,True,False,False,True,False,False,False,False,False,False,False,False,False,False,True,False,False,False,False,False,False,False
2025-11-05,PROD_017,The North Face Borealis,Outdoor,Mochila Trekking,95,False,,94.56,,True,103.73,91.24,92.67,,,,2025,11,November,5,Wednesday,2,False,False,,True,4,45,True,False,False,False,False,False,False,,,,,3.0,2.0,6.0,,-0.4631578947368397,,,The North Face Borealis,Outdoor,Mochila Trekking,False,False,False,False,False,False,False,False,False,False,False,False,False,False,False,False,False,False,False,False,False,False,True,False,False,True,False,False,False,False,False,False,False,False,False,False,True,False,False,False,False,False,False,False
2025-11-06,PROD_017,The North Face Borealis,Outdoor,Mochila Trekking,95,False,,94.37,,True,88.82,85.28,97.18,,,,2025,11,November,6,Thursday,3,False,False,,True,4,45,True,False,False,False,False,False,False,,,,,,3.0,2.0,,-0.6631578947368373,,,The North Face Borealis,Outdoor,Mochila Trekking,False,False,False,False,False,False,False,False,False,False,False,False,False,False,False,False,False,False,False,False,False,False,True,False,False,True,False,False,False,False,False,False,False,False,False,False,True,False,False,False,False,False,False,False
2025-11-07,PROD_017,The North Face Borealis,Outdoor,Mochila Trekking,95,False,,95.07,,True,95.98,86.37,92.75,,,,2025,11,November,7,Friday,4,False,False,,True,4,45,True,False,False,False,False,False,False,,,,,,,3.0,,0.07368421052630861,,,The North Face Borealis,Outdoor,Mochila Trekking,False,False,False,False,False,False,False,False,False,False,False,False,False,False,False,False,False,False,False,False,False,False,True,False,False,True,False,False,False,False,False,False,False,False,False,False,True,False,False,False,False,False,False,False
2025-11-08,PROD_017,The North Face Borealis,Outdoor,Mochila Trekking,95,False,,96.42,,True,86.47,85.73,95.86,,,,2025,11,November,8,Saturday,5,True,False,,False,4,45,False,False,False,False,False,False,False,,,,,,,,,1.494736842105265,,,The North Face Borealis,Outdoor,Mochila Trekking,False,False,False,False,False,False,False,False,False,False,False,False,False,False,False,False,False,False,False,False,False,False,True,False,False,True,False,False,False,False,False,False,False,False,False,False,True,False,False,False,False,False,False,False
2025-11-09,PROD_017,The North Face Borealis,Outdoor,Mochila Trekking,95,False,,96.15,,True,88.57,78.52,94.32,,,,2025,11,November,9,Sunday,6,True,False,,False,4,45,False,False,False,False,False,False,False,,,,,,,,,1.2105263157894797,,,The North Face Borealis,Outdoor,Mochila Trekking,False,False,False,False,False,False,False,False,False,False,False,False,False,False,False,False,False,False,False,False,False,False,True,False,False,True,False,False,False,False,False,False,False,False,False,False,True,False,False,False,False,False,False,False
2025-11-10,PROD_017,The North Face Borealis,Outdoor,Mochila Trekking,95,False,,94.76,,True,103.17,89.39,97.2,,,,2025,11,November,10,Monday,0,False,False,,True,4,46,False,False,False,False,False,False,False,,,,,,,,,-0.25263157894736304,,,The North Face Borealis,Outdoor,Mochila Trekking,False,False,False,False,False,False,False,False,False,False,False,False,False,False,False,False,False,False,False,False,False,False,True,False,False,True,False,False,False,False,False,False,False,False,False,False,True,False,False,False,False,False,False,False
2025-11-11,PROD_017,The North Face Borealis,Outdoor,Mochila Trekking,95,False,,93.7,,True,89.43,87.67,97.16,,,,2025,11,November,11,Tuesday,1,False,False,,True,4,46,False,False,False,False,False,False,False,,,,,,,,,-1.3684210526315759,,,The North Face Borealis,Outdoor,Mochila Trekking,False,False,False,False,False,False,False,False,False,False,False,False,False,False,False,False,False,False,False,False,False,False,True,False,False,True,False,False,False,False,False,False,False,False,False,False,True,False,False,False,False,False,False,False
2025-11-12,PROD_017,The North Face Borealis,Outdoor,Mochila Trekking,95,False,,96.74,,True,100.47,83.98,91.23,,,,2025,11,November,12,Wednesday,2,False,False,,True,4,46,False,False,False,False,False,False,False,,,,,,,,,1.8315789473684156,,,The North Face Borealis,Outdoor,Mochila Trekking,False,False,False,False,False,False,False,False,False,False,False,False,False,False,False,False,False,False,False,False,False,False,True,False,False,True,False,False,False,False,False,False,False,False,False,False,True,False,False,False,False,False,False,False
2025-11-13,PROD_017,The North Face Borealis,Outdoor,Mochila Trekking,95,False,,94.04,,True,93.26,87.86,97.69,,,,2025,11,November,13,Thursday,3,False,False,,True,4,46,False,False,False,False,False,False,False,,,,,,,,,-1.010526315789467,,,The North Face Borealis,Outdoor,Mochila Trekking,False,False,False,False,False,False,False,False,False,False,False,False,False,False,False,False,False,False,False,False,False,False,True,False,False,True,False,False,False,False,False,False,False,False,False,False,True,False,False,False,False,False,False,False
2025-11-14,PROD_017,The North Face Borealis,Outdoor,Mochila Trekking,95,False,,94.81,,True,90.39,85.28,94.37,,,,2025,11,November,14,Friday,4,False,False,,True,4,46,False,False,False,False,False,False,False,,,,,,,,,-0.19999999999999762,,,The North Face Borealis,Outdoor,Mochila Trekking,False,False,False,False,False,False,False,False,False,False,False,False,False,False,False,False,False,False,False,False,False,False,True,False,False,True,False,False,False,False,False,False,False,False,False,False,True,False,False,False,False,False,False,False
2025-11-15,PROD_017,The North Face Borealis,Outdoor,Mochila Trekking,95,False,,93.34,,True,82.35,89.34,97.05,,,,2025,11,November,15,Saturday,5,True,False,,False,4,46,False,False,False,False,False,False,False,,,,,,,,,-1.7473684210526281,,,The North Face Borealis,Outdoor,Mochila Trekking,False,False,False,False,False,False,False,False,False,False,False,False,False,False,False,False,False,False,False,False,False,False,True,False,False,True,False,False,False,False,False,False,False,False,False,False,True,False,False,False,False,False,False,False
2025-11-16,PROD_017,The North Face Borealis,Outdoor,Mochila Trekking,95,False,,93.18,,True,92.98,87.51,94.73,,,,2025,11,November,16,Sunday,6,True,False,,False,4,46,False,False,False,False,False,False,False,,,,,,,,,-1.9157894736842034,,,The North Face Borealis,Outdoor,Mochila Trekking,False,False,False,False,False,False,False,False,False,False,False,False,False,False,False,False,False,False,False,False,False,False,True,False,False,True,False,False,False,False,False,False,False,False,False,False,True,False,False,False,False,False,False,False
2025-11-17,PROD_017,The North Face Borealis,Outdoor,Mochila Trekking,95,False,,95.23,,True,86.63,85.27,97.26,,,,2025,11,November,17,Monday,0,False,False,,True,4,47,False,False,False,False,False,False,False,,,,,,,,,0.2421052631578989,,,The North Face Borealis,Outdoor,Mochila Trekking,False,False,False,False,False,False,False,False,False,False,False,False,False,False,False,False,False,False,False,False,False,False,True,False,False,True,False,False,False,False,False,False,False,False,False,False,True,False,False,False,False,False,False,False
2025-11-18,PROD_017,The North Face Borealis,Outdoor,Mochila Trekking,95,False,,93.85,,True,88.16,82.96,103.06,,,,2025,11,November,18,Tuesday,1,False,False,,True,4,47,False,False,False,False,False,False,False,,,,,,,,,-1.2105263157894797,,,The North Face Borealis,Outdoor,Mochila Trekking,False,False,False,False,False,False,False,False,False,False,False,False,False,False,False,False,False,False,False,False,False,False,True,False,False,True,False,False,False,False,False,False,False,False,False,False,True,False,False,False,False,False,False,False
2025-11-19,PROD_017,The North Face Borealis,Outdoor,Mochila Trekking,95,False,,96.79,,True,86.37,90.15,91.79,,,,2025,11,November,19,Wednesday,2,False,False,,True,4,47,False,False,False,False,False,False,False,,,,,,,,,1.8842105263157962,,,The North Face Borealis,Outdoor,Mochila Trekking,False,False,False,False,False,False,False,False,False,False,False,False,False,False,False,False,False,False,False,False,False,False,True,False,False,True,False,False,False,False,False,False,False,False,False,False,True,False,False,False,False,False,False,False
2025-11-20,PROD_017,The North Face Borealis,Outdoor,Mochila Trekking,95,False,,96.33,,True,90.36,89.73,103.95,,,,2025,11,November,20,Thursday,3,False,False,,True,4,47,False,False,False,False,False,False,False,,,,,,,,,1.3999999999999981,,,The North Face Borealis,Outdoor,Mochila Trekking,False,False,False,False,False,False,False,False,False,False,False,False,False,False,False,False,False,False,False,False,False,False,True,False,False,True,False,False,False,False,False,False,False,False,False,False,True,False,False,False,False,False,False,False
2025-11-21,PROD_017,The North Face Borealis,Outdoor,Mochila Trekking,95,False,,93.54,,True,96.51,88.79,95.05,,,,2025,11,November,21,Friday,4,False,False,,True,4,47,False,False,False,False,False,False,False,,,,,,,,,-1.5368421052631513,,,The North Face Borealis,Outdoor,Mochila Trekking,False,False,False,False,False,False,False,False,False,False,False,False,False,False,False,False,False,False,False,False,False,False,True,False,False,True,False,False,False,False,False,False,False,False,False,False,True,False,False,False,False,False,False,False
2025-11-22,PROD_017,The North Face Borealis,Outdoor,Mochila Trekking,95,False,,95.17,,True,92.56,86.56,91.45,,,,2025,11,November,22,Saturday,5,True,False,,False,4,47,False,False,False,False,False,False,False,,,,,,,,,0.17894736842105444,,,The North Face Borealis,Outdoor,Mochila Trekking,False,False,False,False,False,False,False,False,False,False,False,False,False,False,False,False,False,False,False,False,False,False,True,False,False,True,False,False,False,False,False,False,False,False,False,False,True,False,False,False,False,False,False,False
2025-11-23,PROD_017,The North Face Borealis,Outdoor,Mochila Trekking,95,False,,94.94,,True,96.55,89.4,85.96,,,,2025,11,November,23,Sunday,6,True,False,,False,4,47,False,False,False,False,False,False,False,,,,,,,,,-0.06315789473684451,,,The North Face Borealis,Outdoor,Mochila Trekking,False,False,False,False,False,False,False,False,False,False,False,False,False,False,False,False,False,False,False,False,False,False,True,False,False,True,False,False,False,False,False,False,False,False,False,False,True,False,False,False,False,False,False,False
2025-11-24,PROD_017,The North Face Borealis,Outdoor,Mochila Trekking,95,False,,95.57,,True,89.37,84.75,94.68,,,,2025,11,November,24,Monday,0,False,False,,True,4,48,False,False,False,False,False,False,True,,,,,,,,,0.5999999999999928,,,The North Face Borealis,Outdoor,Mochila Trekking,False,False,False,False,False,False,False,False,False,False,False,False,False,False,False,False,False,False,False,False,False,False,True,False,False,True,False,False,False,False,False,False,False,False,False,False,True,False,False,False,False,False,False,False
2025-11-25,PROD_017,The North Face Borealis,Outdoor,Mochila Trekking,95,False,,95.05,,True,93.47,90.76,92.11,,,,2025,11,November,25,Tuesday,1,False,False,,True,4,48,False,False,True,False,False,False,True,,,,,,,,,0.05263157894736543,,,The North Face Borealis,Outdoor,Mochila Trekking,False,False,False,False,False,False,False,False,False,False,False,False,False,False,False,False,False,False,False,False,False,False,True,False,False,True,False,False,False,False,False,False,False,False,False,False,True,False,False,False,False,False,False,False
2025-11-26,PROD_017,The North Face Borealis,Outdoor,Mochila Trekking,95,False,,93.73,,True,90.41,90.15,91.67,,,,2025,11,November,26,Wednesday,2,False,False,,True,4,48,False,False,True,False,False,False,True,,,,,,,,,-1.3368421052631536,,,The North Face Borealis,Outdoor,Mochila Trekking,False,False,False,False,False,False,False,False,False,False,False,False,False,False,False,False,False,False,False,False,False,False,True,False,False,True,False,False,False,False,False,False,False,False,False,False,True,False,False,False,False,False,False,False
2025-11-27,PROD_017,The North Face Borealis,Outdoor,Mochila Trekking,95,False,,95.07,,True,95.98,86.07,93.37,,,,2025,11,November,27,Thursday,3,False,False,,True,4,48,False,False,True,False,False,False,True,,,,,,,,,0.07368421052630861,,,The North Face Borealis,Outdoor,Mochila Trekking,False,False,False,False,False,False,False,False,False,False,False,False,False,False,False,False,False,False,False,False,False,False,True,False,False,True,False,False,False,False,False,False,False,False,False,False,True,False,False,False,False,False,False,False
2025-11-28,PROD_017,The North Face Borealis,Outdoor,Mochila Trekking,95,False,,80.75,,True,91.25,82.14,91.87,,,,2025,11,November,28,Friday,4,False,False,,True,4,48,False,False,True,False,True,False,True,,,,,,,,,-15.0,,,The North Face Borealis,Outdoor,Mochila Trekking,False,False,False,False,False,False,False,False,False,False,False,False,False,False,False,False,False,False,False,False,False,False,True,False,False,True,False,False,False,False,False,False,False,False,False,False,True,False,False,False,False,False,False,False
2025-11-29,PROD_017,The North Face Borealis,Outdoor,Mochila Trekking,95,False,,94.99,,True,98.75,87.66,91.73,,,,2025,11,November,29,Saturday,5,True,False,,False,4,48,False,False,True,False,False,False,True,,,,,,,,,-0.010526315789479069,,,The North Face Borealis,Outdoor,Mochila Trekking,False,False,False,False,False,False,False,False,False,False,False,False,False,False,False,False,False,False,False,False,False,False,True,False,False,True,False,False,False,False,False,False,False,False,False,False,True,False,False,False,False,False,False,False
2025-11-30,PROD_017,The North Face Borealis,Outdoor,Mochila Trekking,95,False,,96.22,,True,100.88,85.16,87.87,,,,2025,11,November,30,Sunday,6,True,False,,False,4,48,False,False,True,True,False,False,True,,,,,,,,,1.2842105263157881,,,The North Face Borealis,Outdoor,Mochila Trekking,False,False,False,False,False,False,False,False,False,False,False,False,False,False,False,False,False,False,False,False,False,False,True,False,False,True,False,False,False,False,False,False,False,False,False,False,True,False,False,False,False,False,False,False
2025-11-01,PROD_018,Columbia Silver Ridge,Outdoor,Ropa Montaña,70,False,,69.12,,True,68.51,64.55,70.53,,,,2025,11,November,1,Saturday,5,True,False,,False,4,44,True,True,False,False,False,False,False,2.0,4.0,3.0,4.0,4.0,5.0,3.0,,-1.2571428571428507,,,Columbia Silver Ridge,Outdoor,Ropa Montaña,False,False,False,False,True,False,False,False,False,False,False,False,False,False,False,False,False,False,False,False,False,False,False,False,False,True,False,False,False,False,False,False,False,False,False,False,False,False,False,False,True,False,False,False
2025-11-02,PROD_018,Columbia Silver Ridge,Outdoor,Ropa Montaña,70,False,,70.11,,True,66.18,66.35,73.14,,,,2025,11,November,2,Sunday,6,True,False,,False,4,44,True,False,False,False,False,False,False,,2.0,4.0,3.0,4.0,4.0,5.0,,0.15714285714285633,,,Columbia Silver Ridge,Outdoor,Ropa Montaña,False,False,False,False,True,False,False,False,False,False,False,False,False,False,False,False,False,False,False,False,False,False,False,False,False,True,False,False,False,False,False,False,False,False,False,False,False,False,False,False,True,False,False,False
2025-11-03,PROD_018,Columbia Silver Ridge,Outdoor,Ropa Montaña,70,False,,69.89,,True,69.35,63.8,63.99,,,,2025,11,November,3,Monday,0,False,False,,True,4,45,True,False,False,False,False,False,False,,,2.0,4.0,3.0,4.0,4.0,,-0.15714285714285633,,,Columbia Silver Ridge,Outdoor,Ropa Montaña,False,False,False,False,True,False,False,False,False,False,False,False,False,False,False,False,False,False,False,False,False,False,False,False,False,True,False,False,False,False,False,False,False,False,False,False,False,False,False,False,True,False,False,False
2025-11-04,PROD_018,Columbia Silver Ridge,Outdoor,Ropa Montaña,70,False,,70.92,,True,66.2,62.94,71.92,,,,2025,11,November,4,Tuesday,1,False,False,,True,4,45,True,False,False,False,False,False,False,,,,2.0,4.0,3.0,4.0,,1.3142857142857167,,,Columbia Silver Ridge,Outdoor,Ropa Montaña,False,False,False,False,True,False,False,False,False,False,False,False,False,False,False,False,False,False,False,False,False,False,False,False,False,True,False,False,False,False,False,False,False,False,False,False,False,False,False,False,True,False,False,False
2025-11-05,PROD_018,Columbia Silver Ridge,Outdoor,Ropa Montaña,70,False,,68.88,,True,71.72,62.82,68.7,,,,2025,11,November,5,Wednesday,2,False,False,,True,4,45,True,False,False,False,False,False,False,,,,,2.0,4.0,3.0,,-1.6000000000000065,,,Columbia Silver Ridge,Outdoor,Ropa Montaña,False,False,False,False,True,False,False,False,False,False,False,False,False,False,False,False,False,False,False,False,False,False,False,False,False,True,False,False,False,False,False,False,False,False,False,False,False,False,False,False,True,False,False,False
2025-11-06,PROD_018,Columbia Silver Ridge,Outdoor,Ropa Montaña,70,False,,69.57,,True,75.53,63.32,72.88,,,,2025,11,November,6,Thursday,3,False,False,,True,4,45,True,False,False,False,False,False,False,,,,,,2.0,4.0,,-0.6142857142857241,,,Columbia Silver Ridge,Outdoor,Ropa Montaña,False,False,False,False,True,False,False,False,False,False,False,False,False,False,False,False,False,False,False,False,False,False,False,False,False,True,False,False,False,False,False,False,False,False,False,False,False,False,False,False,True,False,False,False
2025-11-07,PROD_018,Columbia Silver Ridge,Outdoor,Ropa Montaña,70,False,,69.59,,True,75.2,63.77,72.9,,,,2025,11,November,7,Friday,4,False,False,,True,4,45,True,False,False,False,False,False,False,,,,,,,2.0,,-0.5857142857142809,,,Columbia Silver Ridge,Outdoor,Ropa Montaña,False,False,False,False,True,False,False,False,False,False,False,False,False,False,False,False,False,False,False,False,False,False,False,False,False,True,False,False,False,False,False,False,False,False,False,False,False,False,False,False,True,False,False,False
2025-11-08,PROD_018,Columbia Silver Ridge,Outdoor,Ropa Montaña,70,False,,71.34,,True,66.54,64.66,66.72,,,,2025,11,November,8,Saturday,5,True,False,,False,4,45,False,False,False,False,False,False,False,,,,,,,,,1.914285714285719,,,Columbia Silver Ridge,Outdoor,Ropa Montaña,False,False,False,False,True,False,False,False,False,False,False,False,False,False,False,False,False,False,False,False,False,False,False,False,False,True,False,False,False,False,False,False,False,False,False,False,False,False,False,False,True,False,False,False
2025-11-09,PROD_018,Columbia Silver Ridge,Outdoor,Ropa Montaña,70,False,,70.52,,True,74.01,63.15,71.1,,,,2025,11,November,9,Sunday,6,True,False,,False,4,45,False,False,False,False,False,False,False,,,,,,,,,0.7428571428571372,,,Columbia Silver Ridge,Outdoor,Ropa Montaña,False,False,False,False,True,False,False,False,False,False,False,False,False,False,False,False,False,False,False,False,False,False,False,False,False,True,False,False,False,False,False,False,False,False,False,False,False,False,False,False,True,False,False,False
2025-11-10,PROD_018,Columbia Silver Ridge,Outdoor,Ropa Montaña,70,False,,70.94,,True,72.88,61.2,70.08,,,,2025,11,November,10,Monday,0,False,False,,True,4,46,False,False,False,False,False,False,False,,,,,,,,,1.3428571428571396,,,Columbia Silver Ridge,Outdoor,Ropa Montaña,False,False,False,False,True,False,False,False,False,False,False,False,False,False,False,False,False,False,False,False,False,False,False,False,False,True,False,False,False,False,False,False,False,False,False,False,False,False,False,False,True,False,False,False
2025-11-11,PROD_018,Columbia Silver Ridge,Outdoor,Ropa Montaña,70,False,,69.45,,True,76.69,66.12,66.36,,,,2025,11,November,11,Tuesday,1,False,False,,True,4,46,False,False,False,False,False,False,False,,,,,,,,,-0.7857142857142816,,,Columbia Silver Ridge,Outdoor,Ropa Montaña,False,False,False,False,True,False,False,False,False,False,False,False,False,False,False,False,False,False,False,False,False,False,False,False,False,True,False,False,False,False,False,False,False,False,False,False,False,False,False,False,True,False,False,False
2025-11-12,PROD_018,Columbia Silver Ridge,Outdoor,Ropa Montaña,70,False,,71.23,,True,71.02,65.0,71.39,,,,2025,11,November,12,Wednesday,2,False,False,,True,4,46,False,False,False,False,False,False,False,,,,,,,,,1.7571428571428627,,,Columbia Silver Ridge,Outdoor,Ropa Montaña,False,False,False,False,True,False,False,False,False,False,False,False,False,False,False,False,False,False,False,False,False,False,False,False,False,True,False,False,False,False,False,False,False,False,False,False,False,False,False,False,True,False,False,False
2025-11-13,PROD_018,Columbia Silver Ridge,Outdoor,Ropa Montaña,70,False,,69.33,,True,73.73,64.55,71.43,,,,2025,11,November,13,Thursday,3,False,False,,True,4,46,False,False,False,False,False,False,False,,,,,,,,,-0.9571428571428595,,,Columbia Silver Ridge,Outdoor,Ropa Montaña,False,False,False,False,True,False,False,False,False,False,False,False,False,False,False,False,False,False,False,False,False,False,False,False,False,True,False,False,False,False,False,False,False,False,False,False,False,False,False,False,True,False,False,False
2025-11-14,PROD_018,Columbia Silver Ridge,Outdoor,Ropa Montaña,70,False,,70.17,,True,69.29,61.97,72.6,,,,2025,11,November,14,Friday,4,False,False,,True,4,46,False,False,False,False,False,False,False,,,,,,,,,0.2428571428571453,,,Columbia Silver Ridge,Outdoor,Ropa Montaña,False,False,False,False,True,False,False,False,False,False,False,False,False,False,False,False,False,False,False,False,False,False,False,False,False,True,False,False,False,False,False,False,False,False,False,False,False,False,False,False,True,False,False,False
2025-11-15,PROD_018,Columbia Silver Ridge,Outdoor,Ropa Montaña,70,False,,70.13,,True,69.34,64.51,69.59,,,,2025,11,November,15,Saturday,5,True,False,,False,4,46,False,False,False,False,False,False,False,,,,,,,,,0.18571428571427923,,,Columbia Silver Ridge,Outdoor,Ropa Montaña,False,False,False,False,True,False,False,False,False,False,False,False,False,False,False,False,False,False,False,False,False,False,False,False,False,True,False,False,False,False,False,False,False,False,False,False,False,False,False,False,True,False,False,False
2025-11-16,PROD_018,Columbia Silver Ridge,Outdoor,Ropa Montaña,70,False,,68.91,,True,67.86,63.8,70.61,,,,2025,11,November,16,Sunday,6,True,False,,False,4,46,False,False,False,False,False,False,False,,,,,,,,,-1.557142857142862,,,Columbia Silver Ridge,Outdoor,Ropa Montaña,False,False,False,False,True,False,False,False,False,False,False,False,False,False,False,False,False,False,False,False,False,False,False,False,False,True,False,False,False,False,False,False,False,False,False,False,False,False,False,False,True,False,False,False
2025-11-17,PROD_018,Columbia Silver Ridge,Outdoor,Ropa Montaña,70,False,,69.38,,True,70.45,63.09,71.68,,,,2025,11,November,17,Monday,0,False,False,,True,4,47,False,False,False,False,False,False,False,,,,,,,,,-0.8857142857142922,,,Columbia Silver Ridge,Outdoor,Ropa Montaña,False,False,False,False,True,False,False,False,False,False,False,False,False,False,False,False,False,False,False,False,False,False,False,False,False,True,False,False,False,False,False,False,False,False,False,False,False,False,False,False,True,False,False,False
2025-11-18,PROD_018,Columbia Silver Ridge,Outdoor,Ropa Montaña,70,False,,71.15,,True,72.4,65.26,67.35,,,,2025,11,November,18,Tuesday,1,False,False,,True,4,47,False,False,False,False,False,False,False,,,,,,,,,1.642857142857151,,,Columbia Silver Ridge,Outdoor,Ropa Montaña,False,False,False,False,True,False,False,False,False,False,False,False,False,False,False,False,False,False,False,False,False,False,False,False,False,True,False,False,False,False,False,False,False,False,False,False,False,False,False,False,True,False,False,False
2025-11-19,PROD_018,Columbia Silver Ridge,Outdoor,Ropa Montaña,70,False,,70.92,,True,73.64,65.35,68.76,,,,2025,11,November,19,Wednesday,2,False,False,,True,4,47,False,False,False,False,False,False,False,,,,,,,,,1.3142857142857167,,,Columbia Silver Ridge,Outdoor,Ropa Montaña,False,False,False,False,True,False,False,False,False,False,False,False,False,False,False,False,False,False,False,False,False,False,False,False,False,True,False,False,False,False,False,False,False,False,False,False,False,False,False,False,True,False,False,False
2025-11-20,PROD_018,Columbia Silver Ridge,Outdoor,Ropa Montaña,70,False,,68.92,,True,71.08,67.8,69.18,,,,2025,11,November,20,Thursday,3,False,False,,True,4,47,False,False,False,False,False,False,False,,,,,,,,,-1.5428571428571405,,,Columbia Silver Ridge,Outdoor,Ropa Montaña,False,False,False,False,True,False,False,False,False,False,False,False,False,False,False,False,False,False,False,False,False,False,False,False,False,True,False,False,False,False,False,False,False,False,False,False,False,False,False,False,True,False,False,False
2025-11-21,PROD_018,Columbia Silver Ridge,Outdoor,Ropa Montaña,70,False,,68.63,,True,68.52,60.08,68.99,,,,2025,11,November,21,Friday,4,False,False,,True,4,47,False,False,False,False,False,False,False,,,,,,,,,-1.9571428571428635,,,Columbia Silver Ridge,Outdoor,Ropa Montaña,False,False,False,False,True,False,False,False,False,False,False,False,False,False,False,False,False,False,False,False,False,False,False,False,False,True,False,False,False,False,False,False,False,False,False,False,False,False,False,False,True,False,False,False
2025-11-22,PROD_018,Columbia Silver Ridge,Outdoor,Ropa Montaña,70,False,,70.28,,True,66.01,61.77,72.2,,,,2025,11,November,22,Saturday,5,True,False,,False,4,47,False,False,False,False,False,False,False,,,,,,,,,0.40000000000000163,,,Columbia Silver Ridge,Outdoor,Ropa Montaña,False,False,False,False,True,False,False,False,False,False,False,False,False,False,False,False,False,False,False,False,False,False,False,False,False,True,False,False,False,False,False,False,False,False,False,False,False,False,False,False,True,False,False,False
2025-11-23,PROD_018,Columbia Silver Ridge,Outdoor,Ropa Montaña,70,False,,71.1,,True,75.87,65.51,68.08,,,,2025,11,November,23,Sunday,6,True,False,,False,4,47,False,False,False,False,False,False,False,,,,,,,,,1.5714285714285632,,,Columbia Silver Ridge,Outdoor,Ropa Montaña,False,False,False,False,True,False,False,False,False,False,False,False,False,False,False,False,False,False,False,False,False,False,False,False,False,True,False,False,False,False,False,False,False,False,False,False,False,False,False,False,True,False,False,False
2025-11-24,PROD_018,Columbia Silver Ridge,Outdoor,Ropa Montaña,70,False,,68.7,,True,70.02,66.4,67.37,,,,2025,11,November,24,Monday,0,False,False,,True,4,48,False,False,False,False,False,False,True,,,,,,,,,-1.857142857142853,,,Columbia Silver Ridge,Outdoor,Ropa Montaña,False,False,False,False,True,False,False,False,False,False,False,False,False,False,False,False,False,False,False,False,False,False,False,False,False,True,False,False,False,False,False,False,False,False,False,False,False,False,False,False,True,False,False,False
2025-11-25,PROD_018,Columbia Silver Ridge,Outdoor,Ropa Montaña,70,False,,68.86,,True,70.62,64.54,71.4,,,,2025,11,November,25,Tuesday,1,False,False,,True,4,48,False,False,True,False,False,False,True,,,,,,,,,-1.6285714285714292,,,Columbia Silver Ridge,Outdoor,Ropa Montaña,False,False,False,False,True,False,False,False,False,False,False,False,False,False,False,False,False,False,False,False,False,False,False,False,False,True,False,False,False,False,False,False,False,False,False,False,False,False,False,False,True,False,False,False
2025-11-26,PROD_018,Columbia Silver Ridge,Outdoor,Ropa Montaña,70,False,,70.92,,True,70.44,66.06,62.8,,,,2025,11,November,26,Wednesday,2,False,False,,True,4,48,False,False,True,False,False,False,True,,,,,,,,,1.3142857142857167,,,Columbia Silver Ridge,Outdoor,Ropa Montaña,False,False,False,False,True,False,False,False,False,False,False,False,False,False,False,False,False,False,False,False,False,False,False,False,False,True,False,False,False,False,False,False,False,False,False,False,False,False,False,False,True,False,False,False
2025-11-27,PROD_018,Columbia Silver Ridge,Outdoor,Ropa Montaña,70,False,,69.49,,True,72.19,67.04,68.85,,,,2025,11,November,27,Thursday,3,False,False,,True,4,48,False,False,True,False,False,False,True,,,,,,,,,-0.7285714285714359,,,Columbia Silver Ridge,Outdoor,Ropa Montaña,False,False,False,False,True,False,False,False,False,False,False,False,False,False,False,False,False,False,False,False,False,False,False,False,False,True,False,False,False,False,False,False,False,False,False,False,False,False,False,False,True,False,False,False
2025-11-28,PROD_018,Columbia Silver Ridge,Outdoor,Ropa Montaña,70,False,,59.5,,True,68.47,65.31,70.94,,,,2025,11,November,28,Friday,4,False,False,,True,4,48,False,False,True,False,True,False,True,,,,,,,,,-15.0,,,Columbia Silver Ridge,Outdoor,Ropa Montaña,False,False,False,False,True,False,False,False,False,False,False,False,False,False,False,False,False,False,False,False,False,False,False,False,False,True,False,False,False,False,False,False,False,False,False,False,False,False,False,False,True,False,False,False
2025-11-29,PROD_018,Columbia Silver Ridge,Outdoor,Ropa Montaña,70,False,,70.26,,True,66.15,65.61,67.27,,,,2025,11,November,29,Saturday,5,True,False,,False,4,48,False,False,True,False,False,False,True,,,,,,,,,0.37142857142857877,,,Columbia Silver Ridge,Outdoor,Ropa Montaña,False,False,False,False,True,False,False,False,False,False,False,False,False,False,False,False,False,False,False,False,False,False,False,False,False,True,False,False,False,False,False,False,False,False,False,False,False,False,False,False,True,False,False,False
2025-11-30,PROD_018,Columbia Silver Ridge,Outdoor,Ropa Montaña,70,False,,69.68,,True,69.88,68.49,69.3,,,,2025,11,November,30,Sunday,6,True,False,,False,4,48,False,False,True,True,False,False,True,,,,,,,,,-0.45714285714284736,,,Columbia Silver Ridge,Outdoor,Ropa Montaña,False,False,False,False,True,False,False,False,False,False,False,False,False,False,False,False,False,False,False,False,False,False,False,False,False,True,False,False,False,False,False,False,False,False,False,False,False,False,False,False,True,False,False,False
2025-11-01,PROD_019,Merrell Moab 2 GTX,Outdoor,Zapatillas Trail,110,False,,110.89,,True,106.15,95.04,101.69,,,,2025,11,November,1,Saturday,5,True,False,,False,4,44,True,True,False,False,False,False,False,2.0,4.0,2.0,4.0,2.0,3.0,3.0,,0.8090909090909096,,,Merrell Moab 2 GTX,Outdoor,Zapatillas Trail,False,False,False,False,False,False,False,False,False,False,False,False,True,False,False,False,False,False,False,False,False,False,False,False,False,True,False,False,False,False,False,False,False,False,False,False,False,False,False,False,False,False,False,True
2025-11-02,PROD_019,Merrell Moab 2 GTX,Outdoor,Zapatillas Trail,110,False,,111.79,,True,101.22,102.72,116.18,,,,2025,11,November,2,Sunday,6,True,False,,False,4,44,True,False,False,False,False,False,False,,2.0,4.0,2.0,4.0,2.0,3.0,,1.6272727272727332,,,Merrell Moab 2 GTX,Outdoor,Zapatillas Trail,False,False,False,False,False,False,False,False,False,False,False,False,True,False,False,False,False,False,False,False,False,False,False,False,False,True,False,False,False,False,False,False,False,False,False,False,False,False,False,False,False,False,False,True
2025-11-03,PROD_019,Merrell Moab 2 GTX,Outdoor,Zapatillas Trail,110,False,,109.16,,True,107.42,100.62,116.53,,,,2025,11,November,3,Monday,0,False,False,,True,4,45,True,False,False,False,False,False,False,,,2.0,4.0,2.0,4.0,2.0,,-0.7636363636363668,,,Merrell Moab 2 GTX,Outdoor,Zapatillas Trail,False,False,False,False,False,False,False,False,False,False,False,False,True,False,False,False,False,False,False,False,False,False,False,False,False,True,False,False,False,False,False,False,False,False,False,False,False,False,False,False,False,False,False,True
2025-11-04,PROD_019,Merrell Moab 2 GTX,Outdoor,Zapatillas Trail,110,False,,108.3,,True,115.2,97.33,99.93,,,,2025,11,November,4,Tuesday,1,False,False,,True,4,45,True,False,False,False,False,False,False,,,,2.0,4.0,2.0,4.0,,-1.545454545454548,,,Merrell Moab 2 GTX,Outdoor,Zapatillas Trail,False,False,False,False,False,False,False,False,False,False,False,False,True,False,False,False,False,False,False,False,False,False,False,False,False,True,False,False,False,False,False,False,False,False,False,False,False,False,False,False,False,False,False,True
2025-11-05,PROD_019,Merrell Moab 2 GTX,Outdoor,Zapatillas Trail,110,False,,109.42,,True,108.96,96.81,108.95,,,,2025,11,November,5,Wednesday,2,False,False,,True,4,45,True,False,False,False,False,False,False,,,,,2.0,4.0,2.0,,-0.5272727272727257,,,Merrell Moab 2 GTX,Outdoor,Zapatillas Trail,False,False,False,False,False,False,False,False,False,False,False,False,True,False,False,False,False,False,False,False,False,False,False,False,False,True,False,False,False,False,False,False,False,False,False,False,False,False,False,False,False,False,False,True
2025-11-06,PROD_019,Merrell Moab 2 GTX,Outdoor,Zapatillas Trail,110,False,,108.15,,True,110.58,101.85,108.79,,,,2025,11,November,6,Thursday,3,False,False,,True,4,45,True,False,False,False,False,False,False,,,,,,2.0,4.0,,-1.6818181818181768,,,Merrell Moab 2 GTX,Outdoor,Zapatillas Trail,False,False,False,False,False,False,False,False,False,False,False,False,True,False,False,False,False,False,False,False,False,False,False,False,False,True,False,False,False,False,False,False,False,False,False,False,False,False,False,False,False,False,False,True
2025-11-07,PROD_019,Merrell Moab 2 GTX,Outdoor,Zapatillas Trail,110,False,,110.74,,True,104.0,104.87,109.1,,,,2025,11,November,7,Friday,4,False,False,,True,4,45,True,False,False,False,False,False,False,,,,,,,2.0,,0.6727272727272681,,,Merrell Moab 2 GTX,Outdoor,Zapatillas Trail,False,False,False,False,False,False,False,False,False,False,False,False,True,False,False,False,False,False,False,False,False,False,False,False,False,True,False,False,False,False,False,False,False,False,False,False,False,False,False,False,False,False,False,True
2025-11-08,PROD_019,Merrell Moab 2 GTX,Outdoor,Zapatillas Trail,110,False,,110.6,,True,110.25,100.82,112.82,,,,2025,11,November,8,Saturday,5,True,False,,False,4,45,False,False,False,False,False,False,False,,,,,,,,,0.5454545454545403,,,Merrell Moab 2 GTX,Outdoor,Zapatillas Trail,False,False,False,False,False,False,False,False,False,False,False,False,True,False,False,False,False,False,False,False,False,False,False,False,False,True,False,False,False,False,False,False,False,False,False,False,False,False,False,False,False,False,False,True
2025-11-09,PROD_019,Merrell Moab 2 GTX,Outdoor,Zapatillas Trail,110,False,,111.64,,True,106.69,101.34,104.55,,,,2025,11,November,9,Sunday,6,True,False,,False,4,45,False,False,False,False,False,False,False,,,,,,,,,1.4909090909090914,,,Merrell Moab 2 GTX,Outdoor,Zapatillas Trail,False,False,False,False,False,False,False,False,False,False,False,False,True,False,False,False,False,False,False,False,False,False,False,False,False,True,False,False,False,False,False,False,False,False,False,False,False,False,False,False,False,False,False,True
2025-11-10,PROD_019,Merrell Moab 2 GTX,Outdoor,Zapatillas Trail,110,False,,107.85,,True,110.76,94.42,106.72,,,,2025,11,November,10,Monday,0,False,False,,True,4,46,False,False,False,False,False,False,False,,,,,,,,,-1.95454545454546,,,Merrell Moab 2 GTX,Outdoor,Zapatillas Trail,False,False,False,False,False,False,False,False,False,False,False,False,True,False,False,False,False,False,False,False,False,False,False,False,False,True,False,False,False,False,False,False,False,False,False,False,False,False,False,False,False,False,False,True
2025-11-11,PROD_019,Merrell Moab 2 GTX,Outdoor,Zapatillas Trail,110,False,,109.94,,True,107.05,100.44,110.22,,,,2025,11,November,11,Tuesday,1,False,False,,True,4,46,False,False,False,False,False,False,False,,,,,,,,,-0.05454545454545661,,,Merrell Moab 2 GTX,Outdoor,Zapatillas Trail,False,False,False,False,False,False,False,False,False,False,False,False,True,False,False,False,False,False,False,False,False,False,False,False,False,True,False,False,False,False,False,False,False,False,False,False,False,False,False,False,False,False,False,True
2025-11-12,PROD_019,Merrell Moab 2 GTX,Outdoor,Zapatillas Trail,110,False,,109.31,,True,104.35,103.0,115.12,,,,2025,11,November,12,Wednesday,2,False,False,,True,4,46,False,False,False,False,False,False,False,,,,,,,,,-0.6272727272727252,,,Merrell Moab 2 GTX,Outdoor,Zapatillas Trail,False,False,False,False,False,False,False,False,False,False,False,False,True,False,False,False,False,False,False,False,False,False,False,False,False,True,False,False,False,False,False,False,False,False,False,False,False,False,False,False,False,False,False,True
2025-11-13,PROD_019,Merrell Moab 2 GTX,Outdoor,Zapatillas Trail,110,False,,111.52,,True,106.5,106.09,104.34,,,,2025,11,November,13,Thursday,3,False,False,,True,4,46,False,False,False,False,False,False,False,,,,,,,,,1.381818181818178,,,Merrell Moab 2 GTX,Outdoor,Zapatillas Trail,False,False,False,False,False,False,False,False,False,False,False,False,True,False,False,False,False,False,False,False,False,False,False,False,False,True,False,False,False,False,False,False,False,False,False,False,False,False,False,False,False,False,False,True
2025-11-14,PROD_019,Merrell Moab 2 GTX,Outdoor,Zapatillas Trail,110,False,,109.15,,True,115.33,99.23,115.75,,,,2025,11,November,14,Friday,4,False,False,,True,4,46,False,False,False,False,False,False,False,,,,,,,,,-0.7727272727272676,,,Merrell Moab 2 GTX,Outdoor,Zapatillas Trail,False,False,False,False,False,False,False,False,False,False,False,False,True,False,False,False,False,False,False,False,False,False,False,False,False,True,False,False,False,False,False,False,False,False,False,False,False,False,False,False,False,False,False,True
2025-11-15,PROD_019,Merrell Moab 2 GTX,Outdoor,Zapatillas Trail,110,False,,111.31,,True,111.77,101.0,108.94,,,,2025,11,November,15,Saturday,5,True,False,,False,4,46,False,False,False,False,False,False,False,,,,,,,,,1.190909090909093,,,Merrell Moab 2 GTX,Outdoor,Zapatillas Trail,False,False,False,False,False,False,False,False,False,False,False,False,True,False,False,False,False,False,False,False,False,False,False,False,False,True,False,False,False,False,False,False,False,False,False,False,False,False,False,False,False,False,False,True
2025-11-16,PROD_019,Merrell Moab 2 GTX,Outdoor,Zapatillas Trail,110,False,,109.2,,True,114.71,93.96,114.61,,,,2025,11,November,16,Sunday,6,True,False,,False,4,46,False,False,False,False,False,False,False,,,,,,,,,-0.7272727272727246,,,Merrell Moab 2 GTX,Outdoor,Zapatillas Trail,False,False,False,False,False,False,False,False,False,False,False,False,True,False,False,False,False,False,False,False,False,False,False,False,False,True,False,False,False,False,False,False,False,False,False,False,False,False,False,False,False,False,False,True
2025-11-17,PROD_019,Merrell Moab 2 GTX,Outdoor,Zapatillas Trail,110,False,,110.44,,True,115.96,103.91,104.78,,,,2025,11,November,17,Monday,0,False,False,,True,4,47,False,False,False,False,False,False,False,,,,,,,,,0.3999999999999979,,,Merrell Moab 2 GTX,Outdoor,Zapatillas Trail,False,False,False,False,False,False,False,False,False,False,False,False,True,False,False,False,False,False,False,False,False,False,False,False,False,True,False,False,False,False,False,False,False,False,False,False,False,False,False,False,False,False,False,True
2025-11-18,PROD_019,Merrell Moab 2 GTX,Outdoor,Zapatillas Trail,110,False,,109.69,,True,107.83,96.88,107.66,,,,2025,11,November,18,Tuesday,1,False,False,,True,4,47,False,False,False,False,False,False,False,,,,,,,,,-0.2818181818181839,,,Merrell Moab 2 GTX,Outdoor,Zapatillas Trail,False,False,False,False,False,False,False,False,False,False,False,False,True,False,False,False,False,False,False,False,False,False,False,False,False,True,False,False,False,False,False,False,False,False,False,False,False,False,False,False,False,False,False,True
2025-11-19,PROD_019,Merrell Moab 2 GTX,Outdoor,Zapatillas Trail,110,False,,107.91,,True,117.53,104.81,107.08,,,,2025,11,November,19,Wednesday,2,False,False,,True,4,47,False,False,False,False,False,False,False,,,,,,,,,-1.900000000000003,,,Merrell Moab 2 GTX,Outdoor,Zapatillas Trail,False,False,False,False,False,False,False,False,False,False,False,False,True,False,False,False,False,False,False,False,False,False,False,False,False,True,False,False,False,False,False,False,False,False,False,False,False,False,False,False,False,False,False,True
2025-11-20,PROD_019,Merrell Moab 2 GTX,Outdoor,Zapatillas Trail,110,False,,109.6,,True,108.97,103.86,104.38,,,,2025,11,November,20,Thursday,3,False,False,,True,4,47,False,False,False,False,False,False,False,,,,,,,,,-0.3636363636363688,,,Merrell Moab 2 GTX,Outdoor,Zapatillas Trail,False,False,False,False,False,False,False,False,False,False,False,False,True,False,False,False,False,False,False,False,False,False,False,False,False,True,False,False,False,False,False,False,False,False,False,False,False,False,False,False,False,False,False,True
2025-11-21,PROD_019,Merrell Moab 2 GTX,Outdoor,Zapatillas Trail,110,False,,110.47,,True,103.19,98.13,109.41,,,,2025,11,November,21,Friday,4,False,False,,True,4,47,False,False,False,False,False,False,False,,,,,,,,,0.42727272727272625,,,Merrell Moab 2 GTX,Outdoor,Zapatillas Trail,False,False,False,False,False,False,False,False,False,False,False,False,True,False,False,False,False,False,False,False,False,False,False,False,False,True,False,False,False,False,False,False,False,False,False,False,False,False,False,False,False,False,False,True
2025-11-22,PROD_019,Merrell Moab 2 GTX,Outdoor,Zapatillas Trail,110,False,,110.83,,True,111.72,99.97,104.54,,,,2025,11,November,22,Saturday,5,True,False,,False,4,47,False,False,False,False,False,False,False,,,,,,,,,0.754545454545453,,,Merrell Moab 2 GTX,Outdoor,Zapatillas Trail,False,False,False,False,False,False,False,False,False,False,False,False,True,False,False,False,False,False,False,False,False,False,False,False,False,True,False,False,False,False,False,False,False,False,False,False,False,False,False,False,False,False,False,True
2025-11-23,PROD_019,Merrell Moab 2 GTX,Outdoor,Zapatillas Trail,110,False,,107.92,,True,113.22,100.15,107.63,,,,2025,11,November,23,Sunday,6,True,False,,False,4,47,False,False,False,False,False,False,False,,,,,,,,,-1.8909090909090893,,,Merrell Moab 2 GTX,Outdoor,Zapatillas Trail,False,False,False,False,False,False,False,False,False,False,False,False,True,False,False,False,False,False,False,False,False,False,False,False,False,True,False,False,False,False,False,False,False,False,False,False,False,False,False,False,False,False,False,True
2025-11-24,PROD_019,Merrell Moab 2 GTX,Outdoor,Zapatillas Trail,110,False,,107.94,,True,109.53,96.44,107.95,,,,2025,11,November,24,Monday,0,False,False,,True,4,48,False,False,False,False,False,False,True,,,,,,,,,-1.8727272727272748,,,Merrell Moab 2 GTX,Outdoor,Zapatillas Trail,False,False,False,False,False,False,False,False,False,False,False,False,True,False,False,False,False,False,False,False,False,False,False,False,False,True,False,False,False,False,False,False,False,False,False,False,False,False,False,False,False,False,False,True
2025-11-25,PROD_019,Merrell Moab 2 GTX,Outdoor,Zapatillas Trail,110,False,,107.9,,True,108.69,105.5,111.96,,,,2025,11,November,25,Tuesday,1,False,False,,True,4,48,False,False,True,False,False,False,True,,,,,,,,,-1.909090909090904,,,Merrell Moab 2 GTX,Outdoor,Zapatillas Trail,False,False,False,False,False,False,False,False,False,False,False,False,True,False,False,False,False,False,False,False,False,False,False,False,False,True,False,False,False,False,False,False,False,False,False,False,False,False,False,False,False,False,False,True
2025-11-26,PROD_019,Merrell Moab 2 GTX,Outdoor,Zapatillas Trail,110,False,,108.31,,True,108.48,99.81,110.52,,,,2025,11,November,26,Wednesday,2,False,False,,True,4,48,False,False,True,False,False,False,True,,,,,,,,,-1.5363636363636344,,,Merrell Moab 2 GTX,Outdoor,Zapatillas Trail,False,False,False,False,False,False,False,False,False,False,False,False,True,False,False,False,False,False,False,False,False,False,False,False,False,True,False,False,False,False,False,False,False,False,False,False,False,False,False,False,False,False,False,True
2025-11-27,PROD_019,Merrell Moab 2 GTX,Outdoor,Zapatillas Trail,110,False,,111.71,,True,116.76,101.37,109.06,,,,2025,11,November,27,Thursday,3,False,False,,True,4,48,False,False,True,False,False,False,True,,,,,,,,,1.554545454545449,,,Merrell Moab 2 GTX,Outdoor,Zapatillas Trail,False,False,False,False,False,False,False,False,False,False,False,False,True,False,False,False,False,False,False,False,False,False,False,False,False,True,False,False,False,False,False,False,False,False,False,False,False,False,False,False,False,False,False,True
2025-11-28,PROD_019,Merrell Moab 2 GTX,Outdoor,Zapatillas Trail,110,False,,93.5,,True,109.73,90.48,107.01,,,,2025,11,November,28,Friday,4,False,False,,True,4,48,False,False,True,False,True,False,True,,,,,,,,,-15.0,,,Merrell Moab 2 GTX,Outdoor,Zapatillas Trail,False,False,False,False,False,False,False,False,False,False,False,False,True,False,False,False,False,False,False,False,False,False,False,False,False,True,False,False,False,False,False,False,False,False,False,False,False,False,False,False,False,False,False,True
2025-11-29,PROD_019,Merrell Moab 2 GTX,Outdoor,Zapatillas Trail,110,False,,110.18,,True,103.49,102.27,111.7,,,,2025,11,November,29,Saturday,5,True,False,,False,4,48,False,False,True,False,False,False,True,,,,,,,,,0.16363636363636982,,,Merrell Moab 2 GTX,Outdoor,Zapatillas Trail,False,False,False,False,False,False,False,False,False,False,False,False,True,False,False,False,False,False,False,False,False,False,False,False,False,True,False,False,False,False,False,False,False,False,False,False,False,False,False,False,False,False,False,True
2025-11-30,PROD_019,Merrell Moab 2 GTX,Outdoor,Zapatillas Trail,110,False,,109.74,,True,104.15,97.19,104.04,,,,2025,11,November,30,Sunday,6,True,False,,False,4,48,False,False,True,True,False,False,True,,,,,,,,,-0.23636363636364102,,,Merrell Moab 2 GTX,Outdoor,Zapatillas Trail,False,False,False,False,False,False,False,False,False,False,False,False,True,False,False,False,False,False,False,False,False,False,False,False,False,True,False,False,False,False,False,False,False,False,False,False,False,False,False,False,False,False,False,True
2025-11-01,PROD_020,Quechua MH500,Outdoor,Ropa Montaña,80,False,,80.84,,True,76.87,73.58,72.79,,,,2025,11,November,1,Saturday,5,True,False,,False,4,44,True,True,False,False,False,False,False,3.0,2.0,6.0,2.0,4.0,3.0,1.0,,1.0500000000000043,,,Quechua MH500,Outdoor,Ropa Montaña,False,False,False,False,False,False,False,False,False,False,False,False,False,False,False,False,False,True,False,False,False,False,False,False,False,True,False,False,False,False,False,False,False,False,False,False,False,False,False,False,True,False,False,False
2025-11-02,PROD_020,Quechua MH500,Outdoor,Ropa Montaña,80,False,,79.98,,True,84.17,73.54,79.47,,,,2025,11,November,2,Sunday,6,True,False,,False,4,44,True,False,False,False,False,False,False,,3.0,2.0,6.0,2.0,4.0,3.0,,-0.024999999999995023,,,Quechua MH500,Outdoor,Ropa Montaña,False,False,False,False,False,False,False,False,False,False,False,False,False,False,False,False,False,True,False,False,False,False,False,False,False,True,False,False,False,False,False,False,False,False,False,False,False,False,False,False,True,False,False,False
2025-11-03,PROD_020,Quechua MH500,Outdoor,Ropa Montaña,80,False,,81.05,,True,80.88,73.97,83.84,,,,2025,11,November,3,Monday,0,False,False,,True,4,45,True,False,False,False,False,False,False,,,3.0,2.0,6.0,2.0,4.0,,1.3124999999999964,,,Quechua MH500,Outdoor,Ropa Montaña,False,False,False,False,False,False,False,False,False,False,False,False,False,False,False,False,False,True,False,False,False,False,False,False,False,True,False,False,False,False,False,False,False,False,False,False,False,False,False,False,True,False,False,False
2025-11-04,PROD_020,Quechua MH500,Outdoor,Ropa Montaña,80,False,,81.46,,True,78.82,72.71,79.07,,,,2025,11,November,4,Tuesday,1,False,False,,True,4,45,True,False,False,False,False,False,False,,,,3.0,2.0,6.0,2.0,,1.8249999999999922,,,Quechua MH500,Outdoor,Ropa Montaña,False,False,False,False,False,False,False,False,False,False,False,False,False,False,False,False,False,True,False,False,False,False,False,False,False,True,False,False,False,False,False,False,False,False,False,False,False,False,False,False,True,False,False,False
2025-11-05,PROD_020,Quechua MH500,Outdoor,Ropa Montaña,80,False,,81.11,,True,84.5,72.74,82.46,,,,2025,11,November,5,Wednesday,2,False,False,,True,4,45,True,False,False,False,False,False,False,,,,,3.0,2.0,6.0,,1.3874999999999993,,,Quechua MH500,Outdoor,Ropa Montaña,False,False,False,False,False,False,False,False,False,False,False,False,False,False,False,False,False,True,False,False,False,False,False,False,False,True,False,False,False,False,False,False,False,False,False,False,False,False,False,False,True,False,False,False
2025-11-06,PROD_020,Quechua MH500,Outdoor,Ropa Montaña,80,False,,80.03,,True,82.46,73.48,79.57,,,,2025,11,November,6,Thursday,3,False,False,,True,4,45,True,False,False,False,False,False,False,,,,,,3.0,2.0,,0.03750000000000142,,,Quechua MH500,Outdoor,Ropa Montaña,False,False,False,False,False,False,False,False,False,False,False,False,False,False,False,False,False,True,False,False,False,False,False,False,False,True,False,False,False,False,False,False,False,False,False,False,False,False,False,False,True,False,False,False
2025-11-07,PROD_020,Quechua MH500,Outdoor,Ropa Montaña,80,False,,80.6,,True,78.0,75.17,82.73,,,,2025,11,November,7,Friday,4,False,False,,True,4,45,True,False,False,False,False,False,False,,,,,,,3.0,,0.7499999999999929,,,Quechua MH500,Outdoor,Ropa Montaña,False,False,False,False,False,False,False,False,False,False,False,False,False,False,False,False,False,True,False,False,False,False,False,False,False,True,False,False,False,False,False,False,False,False,False,False,False,False,False,False,True,False,False,False
2025-11-08,PROD_020,Quechua MH500,Outdoor,Ropa Montaña,80,False,,78.83,,True,75.51,69.96,77.85,,,,2025,11,November,8,Saturday,5,True,False,,False,4,45,False,False,False,False,False,False,False,,,,,,,,,-1.4625000000000021,,,Quechua MH500,Outdoor,Ropa Montaña,False,False,False,False,False,False,False,False,False,False,False,False,False,False,False,False,False,True,False,False,False,False,False,False,False,True,False,False,False,False,False,False,False,False,False,False,False,False,False,False,True,False,False,False
2025-11-09,PROD_020,Quechua MH500,Outdoor,Ropa Montaña,80,False,,79.07,,True,83.34,71.85,82.04,,,,2025,11,November,9,Sunday,6,True,False,,False,4,45,False,False,False,False,False,False,False,,,,,,,,,-1.1625000000000085,,,Quechua MH500,Outdoor,Ropa Montaña,False,False,False,False,False,False,False,False,False,False,False,False,False,False,False,False,False,True,False,False,False,False,False,False,False,True,False,False,False,False,False,False,False,False,False,False,False,False,False,False,True,False,False,False
2025-11-10,PROD_020,Quechua MH500,Outdoor,Ropa Montaña,80,False,,78.45,,True,82.76,74.2,77.81,,,,2025,11,November,10,Monday,0,False,False,,True,4,46,False,False,False,False,False,False,False,,,,,,,,,-1.9374999999999964,,,Quechua MH500,Outdoor,Ropa Montaña,False,False,False,False,False,False,False,False,False,False,False,False,False,False,False,False,False,True,False,False,False,False,False,False,False,True,False,False,False,False,False,False,False,False,False,False,False,False,False,False,True,False,False,False
2025-11-11,PROD_020,Quechua MH500,Outdoor,Ropa Montaña,80,False,,80.81,,True,81.5,74.6,82.96,,,,2025,11,November,11,Tuesday,1,False,False,,True,4,46,False,False,False,False,False,False,False,,,,,,,,,1.0125000000000028,,,Quechua MH500,Outdoor,Ropa Montaña,False,False,False,False,False,False,False,False,False,False,False,False,False,False,False,False,False,True,False,False,False,False,False,False,False,True,False,False,False,False,False,False,False,False,False,False,False,False,False,False,True,False,False,False
2025-11-12,PROD_020,Quechua MH500,Outdoor,Ropa Montaña,80,False,,80.85,,True,81.16,75.43,79.55,,,,2025,11,November,12,Wednesday,2,False,False,,True,4,46,False,False,False,False,False,False,False,,,,,,,,,1.062499999999993,,,Quechua MH500,Outdoor,Ropa Montaña,False,False,False,False,False,False,False,False,False,False,False,False,False,False,False,False,False,True,False,False,False,False,False,False,False,True,False,False,False,False,False,False,False,False,False,False,False,False,False,False,True,False,False,False
2025-11-13,PROD_020,Quechua MH500,Outdoor,Ropa Montaña,80,False,,78.65,,True,75.89,69.38,75.01,,,,2025,11,November,13,Thursday,3,False,False,,True,4,46,False,False,False,False,False,False,False,,,,,,,,,-1.687499999999993,,,Quechua MH500,Outdoor,Ropa Montaña,False,False,False,False,False,False,False,False,False,False,False,False,False,False,False,False,False,True,False,False,False,False,False,False,False,True,False,False,False,False,False,False,False,False,False,False,False,False,False,False,True,False,False,False
2025-11-14,PROD_020,Quechua MH500,Outdoor,Ropa Montaña,80,False,,78.61,,True,76.27,72.36,74.28,,,,2025,11,November,14,Friday,4,False,False,,True,4,46,False,False,False,False,False,False,False,,,,,,,,,-1.737500000000001,,,Quechua MH500,Outdoor,Ropa Montaña,False,False,False,False,False,False,False,False,False,False,False,False,False,False,False,False,False,True,False,False,False,False,False,False,False,True,False,False,False,False,False,False,False,False,False,False,False,False,False,False,True,False,False,False
2025-11-15,PROD_020,Quechua MH500,Outdoor,Ropa Montaña,80,False,,78.65,,True,80.57,76.29,79.63,,,,2025,11,November,15,Saturday,5,True,False,,False,4,46,False,False,False,False,False,False,False,,,,,,,,,-1.687499999999993,,,Quechua MH500,Outdoor,Ropa Montaña,False,False,False,False,False,False,False,False,False,False,False,False,False,False,False,False,False,True,False,False,False,False,False,False,False,True,False,False,False,False,False,False,False,False,False,False,False,False,False,False,True,False,False,False
2025-11-16,PROD_020,Quechua MH500,Outdoor,Ropa Montaña,80,False,,80.66,,True,72.79,71.34,77.45,,,,2025,11,November,16,Sunday,6,True,False,,False,4,46,False,False,False,False,False,False,False,,,,,,,,,0.8249999999999957,,,Quechua MH500,Outdoor,Ropa Montaña,False,False,False,False,False,False,False,False,False,False,False,False,False,False,False,False,False,True,False,False,False,False,False,False,False,True,False,False,False,False,False,False,False,False,False,False,False,False,False,False,True,False,False,False
2025-11-17,PROD_020,Quechua MH500,Outdoor,Ropa Montaña,80,False,,80.97,,True,75.64,72.7,81.6,,,,2025,11,November,17,Monday,0,False,False,,True,4,47,False,False,False,False,False,False,False,,,,,,,,,1.2124999999999986,,,Quechua MH500,Outdoor,Ropa Montaña,False,False,False,False,False,False,False,False,False,False,False,False,False,False,False,False,False,True,False,False,False,False,False,False,False,True,False,False,False,False,False,False,False,False,False,False,False,False,False,False,True,False,False,False
2025-11-18,PROD_020,Quechua MH500,Outdoor,Ropa Montaña,80,False,,81.3,,True,78.53,68.57,81.42,,,,2025,11,November,18,Tuesday,1,False,False,,True,4,47,False,False,False,False,False,False,False,,,,,,,,,1.6249999999999967,,,Quechua MH500,Outdoor,Ropa Montaña,False,False,False,False,False,False,False,False,False,False,False,False,False,False,False,False,False,True,False,False,False,False,False,False,False,True,False,False,False,False,False,False,False,False,False,False,False,False,False,False,True,False,False,False
2025-11-19,PROD_020,Quechua MH500,Outdoor,Ropa Montaña,80,False,,81.53,,True,74.36,69.35,83.02,,,,2025,11,November,19,Wednesday,2,False,False,,True,4,47,False,False,False,False,False,False,False,,,,,,,,,1.9125000000000014,,,Quechua MH500,Outdoor,Ropa Montaña,False,False,False,False,False,False,False,False,False,False,False,False,False,False,False,False,False,True,False,False,False,False,False,False,False,True,False,False,False,False,False,False,False,False,False,False,False,False,False,False,True,False,False,False
2025-11-20,PROD_020,Quechua MH500,Outdoor,Ropa Montaña,80,False,,80.47,,True,66.76,73.45,84.71,,,,2025,11,November,20,Thursday,3,False,False,,True,4,47,False,False,False,False,False,False,False,,,,,,,,,0.5874999999999986,,,Quechua MH500,Outdoor,Ropa Montaña,False,False,False,False,False,False,False,False,False,False,False,False,False,False,False,False,False,True,False,False,False,False,False,False,False,True,False,False,False,False,False,False,False,False,False,False,False,False,False,False,True,False,False,False
2025-11-21,PROD_020,Quechua MH500,Outdoor,Ropa Montaña,80,False,,78.63,,True,84.95,70.57,81.83,,,,2025,11,November,21,Friday,4,False,False,,True,4,47,False,False,False,False,False,False,False,,,,,,,,,-1.7125000000000057,,,Quechua MH500,Outdoor,Ropa Montaña,False,False,False,False,False,False,False,False,False,False,False,False,False,False,False,False,False,True,False,False,False,False,False,False,False,True,False,False,False,False,False,False,False,False,False,False,False,False,False,False,True,False,False,False
2025-11-22,PROD_020,Quechua MH500,Outdoor,Ropa Montaña,80,False,,80.68,,True,81.69,74.17,82.62,,,,2025,11,November,22,Saturday,5,True,False,,False,4,47,False,False,False,False,False,False,False,,,,,,,,,0.8500000000000085,,,Quechua MH500,Outdoor,Ropa Montaña,False,False,False,False,False,False,False,False,False,False,False,False,False,False,False,False,False,True,False,False,False,False,False,False,False,True,False,False,False,False,False,False,False,False,False,False,False,False,False,False,True,False,False,False
2025-11-23,PROD_020,Quechua MH500,Outdoor,Ropa Montaña,80,False,,78.86,,True,91.45,71.39,82.14,,,,2025,11,November,23,Sunday,6,True,False,,False,4,47,False,False,False,False,False,False,False,,,,,,,,,-1.4250000000000007,,,Quechua MH500,Outdoor,Ropa Montaña,False,False,False,False,False,False,False,False,False,False,False,False,False,False,False,False,False,True,False,False,False,False,False,False,False,True,False,False,False,False,False,False,False,False,False,False,False,False,False,False,True,False,False,False
2025-11-24,PROD_020,Quechua MH500,Outdoor,Ropa Montaña,80,False,,79.99,,True,76.69,72.13,78.14,,,,2025,11,November,24,Monday,0,False,False,,True,4,48,False,False,False,False,False,False,True,,,,,,,,,-0.012500000000006395,,,Quechua MH500,Outdoor,Ropa Montaña,False,False,False,False,False,False,False,False,False,False,False,False,False,False,False,False,False,True,False,False,False,False,False,False,False,True,False,False,False,False,False,False,False,False,False,False,False,False,False,False,True,False,False,False
2025-11-25,PROD_020,Quechua MH500,Outdoor,Ropa Montaña,80,False,,80.8,,True,80.31,71.64,79.67,,,,2025,11,November,25,Tuesday,1,False,False,,True,4,48,False,False,True,False,False,False,True,,,,,,,,,0.9999999999999963,,,Quechua MH500,Outdoor,Ropa Montaña,False,False,False,False,False,False,False,False,False,False,False,False,False,False,False,False,False,True,False,False,False,False,False,False,False,True,False,False,False,False,False,False,False,False,False,False,False,False,False,False,True,False,False,False
2025-11-26,PROD_020,Quechua MH500,Outdoor,Ropa Montaña,80,False,,79.28,,True,78.26,73.39,81.95,,,,2025,11,November,26,Wednesday,2,False,False,,True,4,48,False,False,True,False,False,False,True,,,,,,,,,-0.8999999999999986,,,Quechua MH500,Outdoor,Ropa Montaña,False,False,False,False,False,False,False,False,False,False,False,False,False,False,False,False,False,True,False,False,False,False,False,False,False,True,False,False,False,False,False,False,False,False,False,False,False,False,False,False,True,False,False,False
2025-11-27,PROD_020,Quechua MH500,Outdoor,Ropa Montaña,80,False,,79.41,,True,75.95,72.43,77.43,,,,2025,11,November,27,Thursday,3,False,False,,True,4,48,False,False,True,False,False,False,True,,,,,,,,,-0.7375000000000043,,,Quechua MH500,Outdoor,Ropa Montaña,False,False,False,False,False,False,False,False,False,False,False,False,False,False,False,False,False,True,False,False,False,False,False,False,False,True,False,False,False,False,False,False,False,False,False,False,False,False,False,False,True,False,False,False
2025-11-28,PROD_020,Quechua MH500,Outdoor,Ropa Montaña,80,False,,68.0,,True,75.25,71.42,77.76,,,,2025,11,November,28,Friday,4,False,False,,True,4,48,False,False,True,False,True,False,True,,,,,,,,,-15.0,,,Quechua MH500,Outdoor,Ropa Montaña,False,False,False,False,False,False,False,False,False,False,False,False,False,False,False,False,False,True,False,False,False,False,False,False,False,True,False,False,False,False,False,False,False,False,False,False,False,False,False,False,True,False,False,False
2025-11-29,PROD_020,Quechua MH500,Outdoor,Ropa Montaña,80,False,,79.79,,True,78.69,74.73,79.44,,,,2025,11,November,29,Saturday,5,True,False,,False,4,48,False,False,True,False,False,False,True,,,,,,,,,-0.2624999999999922,,,Quechua MH500,Outdoor,Ropa Montaña,False,False,False,False,False,False,False,False,False,False,False,False,False,False,False,False,False,True,False,False,False,False,False,False,False,True,False,False,False,False,False,False,False,False,False,False,False,False,False,False,True,False,False,False
2025-11-30,PROD_020,Quechua MH500,Outdoor,Ropa Montaña,80,False,,79.64,,True,88.13,76.22,82.24,,,,2025,11,November,30,Sunday,6,True,False,,False,4,48,False,False,True,True,False,False,True,,,,,,,,,-0.4499999999999993,,,Quechua MH500,Outdoor,Ropa Montaña,False,False,False,False,False,False,False,False,False,False,False,False,False,False,False,False,False,True,False,False,False,False,False,False,False,True,False,False,False,False,False,False,False,False,False,False,False,False,False,False,True,False,False,False
2025-11-01,PROD_021,Manduka PRO Yoga Mat,Wellness,Esterilla Yoga,130,True,,130.0,,True,135.86,118.93,136.38,,,,2025,11,November,1,Saturday,5,True,False,,False,4,44,True,True,False,False,False,False,False,6.0,5.0,6.0,6.0,6.0,7.0,10.0,,0.0,,,Manduka PRO Yoga Mat,Wellness,Esterilla Yoga,False,False,False,False,False,False,False,False,False,False,False,True,False,False,False,False,False,False,False,False,False,False,False,False,False,False,False,True,False,False,False,False,False,False,True,False,False,False,False,False,False,False,False,False
2025-11-02,PROD_021,Manduka PRO Yoga Mat,Wellness,Esterilla Yoga,130,True,,130.0,,True,136.26,113.57,119.26,,,,2025,11,November,2,Sunday,6,True,False,,False,4,44,True,False,False,False,False,False,False,,6.0,5.0,6.0,6.0,6.0,7.0,,0.0,,,Manduka PRO Yoga Mat,Wellness,Esterilla Yoga,False,False,False,False,False,False,False,False,False,False,False,True,False,False,False,False,False,False,False,False,False,False,False,False,False,False,False,True,False,False,False,False,False,False,True,False,False,False,False,False,False,False,False,False
2025-11-03,PROD_021,Manduka PRO Yoga Mat,Wellness,Esterilla Yoga,130,True,,130.0,,True,136.53,117.09,137.02,,,,2025,11,November,3,Monday,0,False,False,,True,4,45,True,False,False,False,False,False,False,,,6.0,5.0,6.0,6.0,6.0,,0.0,,,Manduka PRO Yoga Mat,Wellness,Esterilla Yoga,False,False,False,False,False,False,False,False,False,False,False,True,False,False,False,False,False,False,False,False,False,False,False,False,False,False,False,True,False,False,False,False,False,False,True,False,False,False,False,False,False,False,False,False
2025-11-04,PROD_021,Manduka PRO Yoga Mat,Wellness,Esterilla Yoga,130,True,,130.0,,True,128.38,118.07,119.98,,,,2025,11,November,4,Tuesday,1,False,False,,True,4,45,True,False,False,False,False,False,False,,,,6.0,5.0,6.0,6.0,,0.0,,,Manduka PRO Yoga Mat,Wellness,Esterilla Yoga,False,False,False,False,False,False,False,False,False,False,False,True,False,False,False,False,False,False,False,False,False,False,False,False,False,False,False,True,False,False,False,False,False,False,True,False,False,False,False,False,False,False,False,False
2025-11-05,PROD_021,Manduka PRO Yoga Mat,Wellness,Esterilla Yoga,130,True,,130.0,,True,135.81,106.47,130.27,,,,2025,11,November,5,Wednesday,2,False,False,,True,4,45,True,False,False,False,False,False,False,,,,,6.0,5.0,6.0,,0.0,,,Manduka PRO Yoga Mat,Wellness,Esterilla Yoga,False,False,False,False,False,False,False,False,False,False,False,True,False,False,False,False,False,False,False,False,False,False,False,False,False,False,False,True,False,False,False,False,False,False,True,False,False,False,False,False,False,False,False,False
2025-11-06,PROD_021,Manduka PRO Yoga Mat,Wellness,Esterilla Yoga,130,True,,130.0,,True,142.68,105.42,131.8,,,,2025,11,November,6,Thursday,3,False,False,,True,4,45,True,False,False,False,False,False,False,,,,,,6.0,5.0,,0.0,,,Manduka PRO Yoga Mat,Wellness,Esterilla Yoga,False,False,False,False,False,False,False,False,False,False,False,True,False,False,False,False,False,False,False,False,False,False,False,False,False,False,False,True,False,False,False,False,False,False,True,False,False,False,False,False,False,False,False,False
2025-11-07,PROD_021,Manduka PRO Yoga Mat,Wellness,Esterilla Yoga,130,True,,130.0,,True,129.85,110.49,129.84,,,,2025,11,November,7,Friday,4,False,False,,True,4,45,True,False,False,False,False,False,False,,,,,,,6.0,,0.0,,,Manduka PRO Yoga Mat,Wellness,Esterilla Yoga,False,False,False,False,False,False,False,False,False,False,False,True,False,False,False,False,False,False,False,False,False,False,False,False,False,False,False,True,False,False,False,False,False,False,True,False,False,False,False,False,False,False,False,False
2025-11-08,PROD_021,Manduka PRO Yoga Mat,Wellness,Esterilla Yoga,130,True,,130.0,,True,138.59,118.87,132.69,,,,2025,11,November,8,Saturday,5,True,False,,False,4,45,False,False,False,False,False,False,False,,,,,,,,,0.0,,,Manduka PRO Yoga Mat,Wellness,Esterilla Yoga,False,False,False,False,False,False,False,False,False,False,False,True,False,False,False,False,False,False,False,False,False,False,False,False,False,False,False,True,False,False,False,False,False,False,True,False,False,False,False,False,False,False,False,False
2025-11-09,PROD_021,Manduka PRO Yoga Mat,Wellness,Esterilla Yoga,130,True,,130.0,,True,128.63,119.84,123.62,,,,2025,11,November,9,Sunday,6,True,False,,False,4,45,False,False,False,False,False,False,False,,,,,,,,,0.0,,,Manduka PRO Yoga Mat,Wellness,Esterilla Yoga,False,False,False,False,False,False,False,False,False,False,False,True,False,False,False,False,False,False,False,False,False,False,False,False,False,False,False,True,False,False,False,False,False,False,True,False,False,False,False,False,False,False,False,False
2025-11-10,PROD_021,Manduka PRO Yoga Mat,Wellness,Esterilla Yoga,130,True,,130.0,,True,132.99,108.01,124.42,,,,2025,11,November,10,Monday,0,False,False,,True,4,46,False,False,False,False,False,False,False,,,,,,,,,0.0,,,Manduka PRO Yoga Mat,Wellness,Esterilla Yoga,False,False,False,False,False,False,False,False,False,False,False,True,False,False,False,False,False,False,False,False,False,False,False,False,False,False,False,True,False,False,False,False,False,False,True,False,False,False,False,False,False,False,False,False
2025-11-11,PROD_021,Manduka PRO Yoga Mat,Wellness,Esterilla Yoga,130,True,,130.0,,True,128.03,119.23,125.68,,,,2025,11,November,11,Tuesday,1,False,False,,True,4,46,False,False,False,False,False,False,False,,,,,,,,,0.0,,,Manduka PRO Yoga Mat,Wellness,Esterilla Yoga,False,False,False,False,False,False,False,False,False,False,False,True,False,False,False,False,False,False,False,False,False,False,False,False,False,False,False,True,False,False,False,False,False,False,True,False,False,False,False,False,False,False,False,False
2025-11-12,PROD_021,Manduka PRO Yoga Mat,Wellness,Esterilla Yoga,130,True,,130.0,,True,121.76,122.11,123.83,,,,2025,11,November,12,Wednesday,2,False,False,,True,4,46,False,False,False,False,False,False,False,,,,,,,,,0.0,,,Manduka PRO Yoga Mat,Wellness,Esterilla Yoga,False,False,False,False,False,False,False,False,False,False,False,True,False,False,False,False,False,False,False,False,False,False,False,False,False,False,False,True,False,False,False,False,False,False,True,False,False,False,False,False,False,False,False,False
2025-11-13,PROD_021,Manduka PRO Yoga Mat,Wellness,Esterilla Yoga,130,True,,130.0,,True,133.89,121.06,124.96,,,,2025,11,November,13,Thursday,3,False,False,,True,4,46,False,False,False,False,False,False,False,,,,,,,,,0.0,,,Manduka PRO Yoga Mat,Wellness,Esterilla Yoga,False,False,False,False,False,False,False,False,False,False,False,True,False,False,False,False,False,False,False,False,False,False,False,False,False,False,False,True,False,False,False,False,False,False,True,False,False,False,False,False,False,False,False,False
2025-11-14,PROD_021,Manduka PRO Yoga Mat,Wellness,Esterilla Yoga,130,True,,130.0,,True,121.83,113.68,126.94,,,,2025,11,November,14,Friday,4,False,False,,True,4,46,False,False,False,False,False,False,False,,,,,,,,,0.0,,,Manduka PRO Yoga Mat,Wellness,Esterilla Yoga,False,False,False,False,False,False,False,False,False,False,False,True,False,False,False,False,False,False,False,False,False,False,False,False,False,False,False,True,False,False,False,False,False,False,True,False,False,False,False,False,False,False,False,False
2025-11-15,PROD_021,Manduka PRO Yoga Mat,Wellness,Esterilla Yoga,130,True,,130.0,,True,125.18,125.76,124.76,,,,2025,11,November,15,Saturday,5,True,False,,False,4,46,False,False,False,False,False,False,False,,,,,,,,,0.0,,,Manduka PRO Yoga Mat,Wellness,Esterilla Yoga,False,False,False,False,False,False,False,False,False,False,False,True,False,False,False,False,False,False,False,False,False,False,False,False,False,False,False,True,False,False,False,False,False,False,True,False,False,False,False,False,False,False,False,False
2025-11-16,PROD_021,Manduka PRO Yoga Mat,Wellness,Esterilla Yoga,130,True,,130.0,,True,132.27,108.3,114.52,,,,2025,11,November,16,Sunday,6,True,False,,False,4,46,False,False,False,False,False,False,False,,,,,,,,,0.0,,,Manduka PRO Yoga Mat,Wellness,Esterilla Yoga,False,False,False,False,False,False,False,False,False,False,False,True,False,False,False,False,False,False,False,False,False,False,False,False,False,False,False,True,False,False,False,False,False,False,True,False,False,False,False,False,False,False,False,False
2025-11-17,PROD_021,Manduka PRO Yoga Mat,Wellness,Esterilla Yoga,130,True,,130.0,,True,145.78,105.65,128.05,,,,2025,11,November,17,Monday,0,False,False,,True,4,47,False,False,False,False,False,False,False,,,,,,,,,0.0,,,Manduka PRO Yoga Mat,Wellness,Esterilla Yoga,False,False,False,False,False,False,False,False,False,False,False,True,False,False,False,False,False,False,False,False,False,False,False,False,False,False,False,True,False,False,False,False,False,False,True,False,False,False,False,False,False,False,False,False
2025-11-18,PROD_021,Manduka PRO Yoga Mat,Wellness,Esterilla Yoga,130,True,,130.0,,True,128.73,117.42,119.78,,,,2025,11,November,18,Tuesday,1,False,False,,True,4,47,False,False,False,False,False,False,False,,,,,,,,,0.0,,,Manduka PRO Yoga Mat,Wellness,Esterilla Yoga,False,False,False,False,False,False,False,False,False,False,False,True,False,False,False,False,False,False,False,False,False,False,False,False,False,False,False,True,False,False,False,False,False,False,True,False,False,False,False,False,False,False,False,False
2025-11-19,PROD_021,Manduka PRO Yoga Mat,Wellness,Esterilla Yoga,130,True,,130.0,,True,142.68,102.05,119.57,,,,2025,11,November,19,Wednesday,2,False,False,,True,4,47,False,False,False,False,False,False,False,,,,,,,,,0.0,,,Manduka PRO Yoga Mat,Wellness,Esterilla Yoga,False,False,False,False,False,False,False,False,False,False,False,True,False,False,False,False,False,False,False,False,False,False,False,False,False,False,False,True,False,False,False,False,False,False,True,False,False,False,False,False,False,False,False,False
2025-11-20,PROD_021,Manduka PRO Yoga Mat,Wellness,Esterilla Yoga,130,True,,130.0,,True,141.08,111.57,112.06,,,,2025,11,November,20,Thursday,3,False,False,,True,4,47,False,False,False,False,False,False,False,,,,,,,,,0.0,,,Manduka PRO Yoga Mat,Wellness,Esterilla Yoga,False,False,False,False,False,False,False,False,False,False,False,True,False,False,False,False,False,False,False,False,False,False,False,False,False,False,False,True,False,False,False,False,False,False,True,False,False,False,False,False,False,False,False,False
2025-11-21,PROD_021,Manduka PRO Yoga Mat,Wellness,Esterilla Yoga,130,True,,130.0,,True,134.77,111.26,119.24,,,,2025,11,November,21,Friday,4,False,False,,True,4,47,False,False,False,False,False,False,False,,,,,,,,,0.0,,,Manduka PRO Yoga Mat,Wellness,Esterilla Yoga,False,False,False,False,False,False,False,False,False,False,False,True,False,False,False,False,False,False,False,False,False,False,False,False,False,False,False,True,False,False,False,False,False,False,True,False,False,False,False,False,False,False,False,False
2025-11-22,PROD_021,Manduka PRO Yoga Mat,Wellness,Esterilla Yoga,130,True,,130.0,,True,127.99,106.57,113.44,,,,2025,11,November,22,Saturday,5,True,False,,False,4,47,False,False,False,False,False,False,False,,,,,,,,,0.0,,,Manduka PRO Yoga Mat,Wellness,Esterilla Yoga,False,False,False,False,False,False,False,False,False,False,False,True,False,False,False,False,False,False,False,False,False,False,False,False,False,False,False,True,False,False,False,False,False,False,True,False,False,False,False,False,False,False,False,False
2025-11-23,PROD_021,Manduka PRO Yoga Mat,Wellness,Esterilla Yoga,130,True,,130.0,,True,132.29,114.34,131.37,,,,2025,11,November,23,Sunday,6,True,False,,False,4,47,False,False,False,False,False,False,False,,,,,,,,,0.0,,,Manduka PRO Yoga Mat,Wellness,Esterilla Yoga,False,False,False,False,False,False,False,False,False,False,False,True,False,False,False,False,False,False,False,False,False,False,False,False,False,False,False,True,False,False,False,False,False,False,True,False,False,False,False,False,False,False,False,False
2025-11-24,PROD_021,Manduka PRO Yoga Mat,Wellness,Esterilla Yoga,130,True,,130.0,,True,131.59,118.17,136.08,,,,2025,11,November,24,Monday,0,False,False,,True,4,48,False,False,False,False,False,False,True,,,,,,,,,0.0,,,Manduka PRO Yoga Mat,Wellness,Esterilla Yoga,False,False,False,False,False,False,False,False,False,False,False,True,False,False,False,False,False,False,False,False,False,False,False,False,False,False,False,True,False,False,False,False,False,False,True,False,False,False,False,False,False,False,False,False
2025-11-25,PROD_021,Manduka PRO Yoga Mat,Wellness,Esterilla Yoga,130,True,,130.0,,True,140.36,121.46,112.06,,,,2025,11,November,25,Tuesday,1,False,False,,True,4,48,False,False,True,False,False,False,True,,,,,,,,,0.0,,,Manduka PRO Yoga Mat,Wellness,Esterilla Yoga,False,False,False,False,False,False,False,False,False,False,False,True,False,False,False,False,False,False,False,False,False,False,False,False,False,False,False,True,False,False,False,False,False,False,True,False,False,False,False,False,False,False,False,False
2025-11-26,PROD_021,Manduka PRO Yoga Mat,Wellness,Esterilla Yoga,130,True,,130.0,,True,130.73,120.94,117.79,,,,2025,11,November,26,Wednesday,2,False,False,,True,4,48,False,False,True,False,False,False,True,,,,,,,,,0.0,,,Manduka PRO Yoga Mat,Wellness,Esterilla Yoga,False,False,False,False,False,False,False,False,False,False,False,True,False,False,False,False,False,False,False,False,False,False,False,False,False,False,False,True,False,False,False,False,False,False,True,False,False,False,False,False,False,False,False,False
2025-11-27,PROD_021,Manduka PRO Yoga Mat,Wellness,Esterilla Yoga,130,True,,130.0,,True,132.48,110.75,127.03,,,,2025,11,November,27,Thursday,3,False,False,,True,4,48,False,False,True,False,False,False,True,,,,,,,,,0.0,,,Manduka PRO Yoga Mat,Wellness,Esterilla Yoga,False,False,False,False,False,False,False,False,False,False,False,True,False,False,False,False,False,False,False,False,False,False,False,False,False,False,False,True,False,False,False,False,False,False,True,False,False,False,False,False,False,False,False,False
2025-11-28,PROD_021,Manduka PRO Yoga Mat,Wellness,Esterilla Yoga,130,True,,110.5,,True,131.75,100.71,127.03,,,,2025,11,November,28,Friday,4,False,False,,True,4,48,False,False,True,False,True,False,True,,,,,,,,,-15.0,,,Manduka PRO Yoga Mat,Wellness,Esterilla Yoga,False,False,False,False,False,False,False,False,False,False,False,True,False,False,False,False,False,False,False,False,False,False,False,False,False,False,False,True,False,False,False,False,False,False,True,False,False,False,False,False,False,False,False,False
2025-11-29,PROD_021,Manduka PRO Yoga Mat,Wellness,Esterilla Yoga,130,True,,130.0,,True,140.11,108.33,137.02,,,,2025,11,November,29,Saturday,5,True,False,,False,4,48,False,False,True,False,False,False,True,,,,,,,,,0.0,,,Manduka PRO Yoga Mat,Wellness,Esterilla Yoga,False,False,False,False,False,False,False,False,False,False,False,True,False,False,False,False,False,False,False,False,False,False,False,False,False,False,False,True,False,False,False,False,False,False,True,False,False,False,False,False,False,False,False,False
2025-11-30,PROD_021,Manduka PRO Yoga Mat,Wellness,Esterilla Yoga,130,True,,130.0,,True,137.24,104.62,120.0,,,,2025,11,November,30,Sunday,6,True,False,,False,4,48,False,False,True,True,False,False,True,,,,,,,,,0.0,,,Manduka PRO Yoga Mat,Wellness,Esterilla Yoga,False,False,False,False,False,False,False,False,False,False,False,True,False,False,False,False,False,False,False,False,False,False,False,False,False,False,False,True,False,False,False,False,False,False,True,False,False,False,False,False,False,False,False,False
2025-11-01,PROD_022,Gaiam Premium Yoga Block,Wellness,Bloque Yoga,20,False,,19.92,,True,19.09,18.63,19.73,,,,2025,11,November,1,Saturday,5,True,False,,False,4,44,True,True,False,False,False,False,False,3.0,2.0,3.0,1.0,2.0,2.0,3.0,,-0.39999999999999153,,,Gaiam Premium Yoga Block,Wellness,Bloque Yoga,False,False,False,False,False,False,False,False,True,False,False,False,False,False,False,False,False,False,False,False,False,False,False,False,False,False,False,True,False,False,False,True,False,False,False,False,False,False,False,False,False,False,False,False
2025-11-02,PROD_022,Gaiam Premium Yoga Block,Wellness,Bloque Yoga,20,False,,19.89,,True,20.55,17.17,20.07,,,,2025,11,November,2,Sunday,6,True,False,,False,4,44,True,False,False,False,False,False,False,,3.0,2.0,3.0,1.0,2.0,2.0,,-0.5499999999999972,,,Gaiam Premium Yoga Block,Wellness,Bloque Yoga,False,False,False,False,False,False,False,False,True,False,False,False,False,False,False,False,False,False,False,False,False,False,False,False,False,False,False,True,False,False,False,True,False,False,False,False,False,False,False,False,False,False,False,False
2025-11-03,PROD_022,Gaiam Premium Yoga Block,Wellness,Bloque Yoga,20,False,,20.27,,True,19.75,17.63,18.04,,,,2025,11,November,3,Monday,0,False,False,,True,4,45,True,False,False,False,False,False,False,,,3.0,2.0,3.0,1.0,2.0,,1.3499999999999979,,,Gaiam Premium Yoga Block,Wellness,Bloque Yoga,False,False,False,False,False,False,False,False,True,False,False,False,False,False,False,False,False,False,False,False,False,False,False,False,False,False,False,True,False,False,False,True,False,False,False,False,False,False,False,False,False,False,False,False
2025-11-04,PROD_022,Gaiam Premium Yoga Block,Wellness,Bloque Yoga,20,False,,20.02,,True,19.78,18.19,19.99,,,,2025,11,November,4,Tuesday,1,False,False,,True,4,45,True,False,False,False,False,False,False,,,,3.0,2.0,3.0,1.0,,0.09999999999999788,,,Gaiam Premium Yoga Block,Wellness,Bloque Yoga,False,False,False,False,False,False,False,False,True,False,False,False,False,False,False,False,False,False,False,False,False,False,False,False,False,False,False,True,False,False,False,True,False,False,False,False,False,False,False,False,False,False,False,False
2025-11-05,PROD_022,Gaiam Premium Yoga Block,Wellness,Bloque Yoga,20,False,,19.97,,True,19.99,18.57,19.08,,,,2025,11,November,5,Wednesday,2,False,False,,True,4,45,True,False,False,False,False,False,False,,,,,3.0,2.0,3.0,,-0.15000000000000568,,,Gaiam Premium Yoga Block,Wellness,Bloque Yoga,False,False,False,False,False,False,False,False,True,False,False,False,False,False,False,False,False,False,False,False,False,False,False,False,False,False,False,True,False,False,False,True,False,False,False,False,False,False,False,False,False,False,False,False
2025-11-06,PROD_022,Gaiam Premium Yoga Block,Wellness,Bloque Yoga,20,False,,20.22,,True,21.05,18.31,21.15,,,,2025,11,November,6,Thursday,3,False,False,,True,4,45,True,False,False,False,False,False,False,,,,,,3.0,2.0,,1.0999999999999943,,,Gaiam Premium Yoga Block,Wellness,Bloque Yoga,False,False,False,False,False,False,False,False,True,False,False,False,False,False,False,False,False,False,False,False,False,False,False,False,False,False,False,True,False,False,False,True,False,False,False,False,False,False,False,False,False,False,False,False
2025-11-07,PROD_022,Gaiam Premium Yoga Block,Wellness,Bloque Yoga,20,False,,20.38,,True,20.62,18.6,19.71,,,,2025,11,November,7,Friday,4,False,False,,True,4,45,True,False,False,False,False,False,False,,,,,,,3.0,,1.899999999999995,,,Gaiam Premium Yoga Block,Wellness,Bloque Yoga,False,False,False,False,False,False,False,False,True,False,False,False,False,False,False,False,False,False,False,False,False,False,False,False,False,False,False,True,False,False,False,True,False,False,False,False,False,False,False,False,False,False,False,False
2025-11-08,PROD_022,Gaiam Premium Yoga Block,Wellness,Bloque Yoga,20,False,,19.61,,True,19.41,18.84,19.41,,,,2025,11,November,8,Saturday,5,True,False,,False,4,45,False,False,False,False,False,False,False,,,,,,,,,-1.9500000000000028,,,Gaiam Premium Yoga Block,Wellness,Bloque Yoga,False,False,False,False,False,False,False,False,True,False,False,False,False,False,False,False,False,False,False,False,False,False,False,False,False,False,False,True,False,False,False,True,False,False,False,False,False,False,False,False,False,False,False,False
2025-11-09,PROD_022,Gaiam Premium Yoga Block,Wellness,Bloque Yoga,20,False,,20.01,,True,18.76,17.34,20.1,,,,2025,11,November,9,Sunday,6,True,False,,False,4,45,False,False,False,False,False,False,False,,,,,,,,,0.050000000000007816,,,Gaiam Premium Yoga Block,Wellness,Bloque Yoga,False,False,False,False,False,False,False,False,True,False,False,False,False,False,False,False,False,False,False,False,False,False,False,False,False,False,False,True,False,False,False,True,False,False,False,False,False,False,False,False,False,False,False,False
2025-11-10,PROD_022,Gaiam Premium Yoga Block,Wellness,Bloque Yoga,20,False,,20.28,,True,20.02,18.65,20.49,,,,2025,11,November,10,Monday,0,False,False,,True,4,46,False,False,False,False,False,False,False,,,,,,,,,1.4000000000000057,,,Gaiam Premium Yoga Block,Wellness,Bloque Yoga,False,False,False,False,False,False,False,False,True,False,False,False,False,False,False,False,False,False,False,False,False,False,False,False,False,False,False,True,False,False,False,True,False,False,False,False,False,False,False,False,False,False,False,False
2025-11-11,PROD_022,Gaiam Premium Yoga Block,Wellness,Bloque Yoga,20,False,,19.97,,True,18.41,17.73,19.9,,,,2025,11,November,11,Tuesday,1,False,False,,True,4,46,False,False,False,False,False,False,False,,,,,,,,,-0.15000000000000568,,,Gaiam Premium Yoga Block,Wellness,Bloque Yoga,False,False,False,False,False,False,False,False,True,False,False,False,False,False,False,False,False,False,False,False,False,False,False,False,False,False,False,True,False,False,False,True,False,False,False,False,False,False,False,False,False,False,False,False
2025-11-12,PROD_022,Gaiam Premium Yoga Block,Wellness,Bloque Yoga,20,False,,20.2,,True,18.37,17.81,19.94,,,,2025,11,November,12,Wednesday,2,False,False,,True,4,46,False,False,False,False,False,False,False,,,,,,,,,0.9999999999999963,,,Gaiam Premium Yoga Block,Wellness,Bloque Yoga,False,False,False,False,False,False,False,False,True,False,False,False,False,False,False,False,False,False,False,False,False,False,False,False,False,False,False,True,False,False,False,True,False,False,False,False,False,False,False,False,False,False,False,False
2025-11-13,PROD_022,Gaiam Premium Yoga Block,Wellness,Bloque Yoga,20,False,,20.37,,True,19.99,18.38,19.02,,,,2025,11,November,13,Thursday,3,False,False,,True,4,46,False,False,False,False,False,False,False,,,,,,,,,1.8500000000000052,,,Gaiam Premium Yoga Block,Wellness,Bloque Yoga,False,False,False,False,False,False,False,False,True,False,False,False,False,False,False,False,False,False,False,False,False,False,False,False,False,False,False,True,False,False,False,True,False,False,False,False,False,False,False,False,False,False,False,False
2025-11-14,PROD_022,Gaiam Premium Yoga Block,Wellness,Bloque Yoga,20,False,,19.76,,True,19.37,18.45,19.22,,,,2025,11,November,14,Friday,4,False,False,,True,4,46,False,False,False,False,False,False,False,,,,,,,,,-1.1999999999999922,,,Gaiam Premium Yoga Block,Wellness,Bloque Yoga,False,False,False,False,False,False,False,False,True,False,False,False,False,False,False,False,False,False,False,False,False,False,False,False,False,False,False,True,False,False,False,True,False,False,False,False,False,False,False,False,False,False,False,False
2025-11-15,PROD_022,Gaiam Premium Yoga Block,Wellness,Bloque Yoga,20,False,,20.23,,True,18.89,18.39,20.35,,,,2025,11,November,15,Saturday,5,True,False,,False,4,46,False,False,False,False,False,False,False,,,,,,,,,1.1500000000000021,,,Gaiam Premium Yoga Block,Wellness,Bloque Yoga,False,False,False,False,False,False,False,False,True,False,False,False,False,False,False,False,False,False,False,False,False,False,False,False,False,False,False,True,False,False,False,True,False,False,False,False,False,False,False,False,False,False,False,False
2025-11-16,PROD_022,Gaiam Premium Yoga Block,Wellness,Bloque Yoga,20,False,,19.91,,True,21.08,17.52,20.62,,,,2025,11,November,16,Sunday,6,True,False,,False,4,46,False,False,False,False,False,False,False,,,,,,,,,-0.4499999999999993,,,Gaiam Premium Yoga Block,Wellness,Bloque Yoga,False,False,False,False,False,False,False,False,True,False,False,False,False,False,False,False,False,False,False,False,False,False,False,False,False,False,False,True,False,False,False,True,False,False,False,False,False,False,False,False,False,False,False,False
2025-11-17,PROD_022,Gaiam Premium Yoga Block,Wellness,Bloque Yoga,20,False,,19.88,,True,19.74,18.53,20.72,,,,2025,11,November,17,Monday,0,False,False,,True,4,47,False,False,False,False,False,False,False,,,,,,,,,-0.600000000000005,,,Gaiam Premium Yoga Block,Wellness,Bloque Yoga,False,False,False,False,False,False,False,False,True,False,False,False,False,False,False,False,False,False,False,False,False,False,False,False,False,False,False,True,False,False,False,True,False,False,False,False,False,False,False,False,False,False,False,False
2025-11-18,PROD_022,Gaiam Premium Yoga Block,Wellness,Bloque Yoga,20,False,,20.17,,True,19.89,17.57,19.86,,,,2025,11,November,18,Tuesday,1,False,False,,True,4,47,False,False,False,False,False,False,False,,,,,,,,,0.8500000000000085,,,Gaiam Premium Yoga Block,Wellness,Bloque Yoga,False,False,False,False,False,False,False,False,True,False,False,False,False,False,False,False,False,False,False,False,False,False,False,False,False,False,False,True,False,False,False,True,False,False,False,False,False,False,False,False,False,False,False,False
2025-11-19,PROD_022,Gaiam Premium Yoga Block,Wellness,Bloque Yoga,20,False,,20.37,,True,18.41,18.35,21.51,,,,2025,11,November,19,Wednesday,2,False,False,,True,4,47,False,False,False,False,False,False,False,,,,,,,,,1.8500000000000052,,,Gaiam Premium Yoga Block,Wellness,Bloque Yoga,False,False,False,False,False,False,False,False,True,False,False,False,False,False,False,False,False,False,False,False,False,False,False,False,False,False,False,True,False,False,False,True,False,False,False,False,False,False,False,False,False,False,False,False
2025-11-20,PROD_022,Gaiam Premium Yoga Block,Wellness,Bloque Yoga,20,False,,19.66,,True,19.98,18.75,19.51,,,,2025,11,November,20,Thursday,3,False,False,,True,4,47,False,False,False,False,False,False,False,,,,,,,,,-1.6999999999999995,,,Gaiam Premium Yoga Block,Wellness,Bloque Yoga,False,False,False,False,False,False,False,False,True,False,False,False,False,False,False,False,False,False,False,False,False,False,False,False,False,False,False,True,False,False,False,True,False,False,False,False,False,False,False,False,False,False,False,False
2025-11-21,PROD_022,Gaiam Premium Yoga Block,Wellness,Bloque Yoga,20,False,,19.97,,True,17.82,19.18,18.9,,,,2025,11,November,21,Friday,4,False,False,,True,4,47,False,False,False,False,False,False,False,,,,,,,,,-0.15000000000000568,,,Gaiam Premium Yoga Block,Wellness,Bloque Yoga,False,False,False,False,False,False,False,False,True,False,False,False,False,False,False,False,False,False,False,False,False,False,False,False,False,False,False,True,False,False,False,True,False,False,False,False,False,False,False,False,False,False,False,False
2025-11-22,PROD_022,Gaiam Premium Yoga Block,Wellness,Bloque Yoga,20,False,,19.64,,True,19.71,18.51,20.26,,,,2025,11,November,22,Saturday,5,True,False,,False,4,47,False,False,False,False,False,False,False,,,,,,,,,-1.7999999999999972,,,Gaiam Premium Yoga Block,Wellness,Bloque Yoga,False,False,False,False,False,False,False,False,True,False,False,False,False,False,False,False,False,False,False,False,False,False,False,False,False,False,False,True,False,False,False,True,False,False,False,False,False,False,False,False,False,False,False,False
2025-11-23,PROD_022,Gaiam Premium Yoga Block,Wellness,Bloque Yoga,20,False,,19.79,,True,18.42,18.52,21.51,,,,2025,11,November,23,Sunday,6,True,False,,False,4,47,False,False,False,False,False,False,False,,,,,,,,,-1.0500000000000043,,,Gaiam Premium Yoga Block,Wellness,Bloque Yoga,False,False,False,False,False,False,False,False,True,False,False,False,False,False,False,False,False,False,False,False,False,False,False,False,False,False,False,True,False,False,False,True,False,False,False,False,False,False,False,False,False,False,False,False
2025-11-24,PROD_022,Gaiam Premium Yoga Block,Wellness,Bloque Yoga,20,False,,19.66,,True,18.64,18.34,20.01,,,,2025,11,November,24,Monday,0,False,False,,True,4,48,False,False,False,False,False,False,True,,,,,,,,,-1.6999999999999995,,,Gaiam Premium Yoga Block,Wellness,Bloque Yoga,False,False,False,False,False,False,False,False,True,False,False,False,False,False,False,False,False,False,False,False,False,False,False,False,False,False,False,True,False,False,False,True,False,False,False,False,False,False,False,False,False,False,False,False
2025-11-25,PROD_022,Gaiam Premium Yoga Block,Wellness,Bloque Yoga,20,False,,19.75,,True,20.38,18.25,19.49,,,,2025,11,November,25,Tuesday,1,False,False,,True,4,48,False,False,True,False,False,False,True,,,,,,,,,-1.25,,,Gaiam Premium Yoga Block,Wellness,Bloque Yoga,False,False,False,False,False,False,False,False,True,False,False,False,False,False,False,False,False,False,False,False,False,False,False,False,False,False,False,True,False,False,False,True,False,False,False,False,False,False,False,False,False,False,False,False
2025-11-26,PROD_022,Gaiam Premium Yoga Block,Wellness,Bloque Yoga,20,False,,19.98,,True,20.44,17.65,20.6,,,,2025,11,November,26,Wednesday,2,False,False,,True,4,48,False,False,True,False,False,False,True,,,,,,,,,-0.09999999999999788,,,Gaiam Premium Yoga Block,Wellness,Bloque Yoga,False,False,False,False,False,False,False,False,True,False,False,False,False,False,False,False,False,False,False,False,False,False,False,False,False,False,False,True,False,False,False,True,False,False,False,False,False,False,False,False,False,False,False,False
2025-11-27,PROD_022,Gaiam Premium Yoga Block,Wellness,Bloque Yoga,20,False,,20.11,,True,19.04,18.53,21.1,,,,2025,11,November,27,Thursday,3,False,False,,True,4,48,False,False,True,False,False,False,True,,,,,,,,,0.5499999999999972,,,Gaiam Premium Yoga Block,Wellness,Bloque Yoga,False,False,False,False,False,False,False,False,True,False,False,False,False,False,False,False,False,False,False,False,False,False,False,False,False,False,False,True,False,False,False,True,False,False,False,False,False,False,False,False,False,False,False,False
2025-11-28,PROD_022,Gaiam Premium Yoga Block,Wellness,Bloque Yoga,20,False,,17.0,,True,19.95,17.57,19.84,,,,2025,11,November,28,Friday,4,False,False,,True,4,48,False,False,True,False,True,False,True,,,,,,,,,-15.0,,,Gaiam Premium Yoga Block,Wellness,Bloque Yoga,False,False,False,False,False,False,False,False,True,False,False,False,False,False,False,False,False,False,False,False,False,False,False,False,False,False,False,True,False,False,False,True,False,False,False,False,False,False,False,False,False,False,False,False
2025-11-29,PROD_022,Gaiam Premium Yoga Block,Wellness,Bloque Yoga,20,False,,19.78,,True,18.74,18.78,19.63,,,,2025,11,November,29,Saturday,5,True,False,,False,4,48,False,False,True,False,False,False,True,,,,,,,,,-1.0999999999999943,,,Gaiam Premium Yoga Block,Wellness,Bloque Yoga,False,False,False,False,False,False,False,False,True,False,False,False,False,False,False,False,False,False,False,False,False,False,False,False,False,False,False,True,False,False,False,True,False,False,False,False,False,False,False,False,False,False,False,False
2025-11-30,PROD_022,Gaiam Premium Yoga Block,Wellness,Bloque Yoga,20,False,,20.18,,True,19.82,17.71,19.96,,,,2025,11,November,30,Sunday,6,True,False,,False,4,48,False,False,True,True,False,False,True,,,,,,,,,0.8999999999999986,,,Gaiam Premium Yoga Block,Wellness,Bloque Yoga,False,False,False,False,False,False,False,False,True,False,False,False,False,False,False,False,False,False,False,False,False,False,False,False,False,False,False,True,False,False,False,True,False,False,False,False,False,False,False,False,False,False,False,False
2025-11-01,PROD_023,Liforme Yoga Pad,Wellness,Rodillera Yoga,35,False,,35.39,,True,36.57,31.64,30.44,,,,2025,11,November,1,Saturday,5,True,False,,False,4,44,True,True,False,False,False,False,False,6.0,3.0,1.0,3.0,2.0,2.0,1.0,,1.1142857142857159,,,Liforme Yoga Pad,Wellness,Rodillera Yoga,False,False,False,False,False,False,False,False,False,True,False,False,False,False,False,False,False,False,False,False,False,False,False,False,False,False,False,True,False,False,False,False,False,False,False,False,False,False,False,True,False,False,False,False
2025-11-02,PROD_023,Liforme Yoga Pad,Wellness,Rodillera Yoga,35,False,,34.59,,True,32.73,32.41,36.12,,,,2025,11,November,2,Sunday,6,True,False,,False,4,44,True,False,False,False,False,False,False,,6.0,3.0,1.0,3.0,2.0,2.0,,-1.1714285714285617,,,Liforme Yoga Pad,Wellness,Rodillera Yoga,False,False,False,False,False,False,False,False,False,True,False,False,False,False,False,False,False,False,False,False,False,False,False,False,False,False,False,True,False,False,False,False,False,False,False,False,False,False,False,True,False,False,False,False
2025-11-03,PROD_023,Liforme Yoga Pad,Wellness,Rodillera Yoga,35,False,,34.59,,True,34.2,32.03,35.89,,,,2025,11,November,3,Monday,0,False,False,,True,4,45,True,False,False,False,False,False,False,,,6.0,3.0,1.0,3.0,2.0,,-1.1714285714285617,,,Liforme Yoga Pad,Wellness,Rodillera Yoga,False,False,False,False,False,False,False,False,False,True,False,False,False,False,False,False,False,False,False,False,False,False,False,False,False,False,False,True,False,False,False,False,False,False,False,False,False,False,False,True,False,False,False,False
2025-11-04,PROD_023,Liforme Yoga Pad,Wellness,Rodillera Yoga,35,False,,34.87,,True,35.71,32.45,36.57,,,,2025,11,November,4,Tuesday,1,False,False,,True,4,45,True,False,False,False,False,False,False,,,,6.0,3.0,1.0,3.0,,-0.37142857142857877,,,Liforme Yoga Pad,Wellness,Rodillera Yoga,False,False,False,False,False,False,False,False,False,True,False,False,False,False,False,False,False,False,False,False,False,False,False,False,False,False,False,True,False,False,False,False,False,False,False,False,False,False,False,True,False,False,False,False
2025-11-05,PROD_023,Liforme Yoga Pad,Wellness,Rodillera Yoga,35,False,,35.38,,True,33.05,31.01,35.51,,,,2025,11,November,5,Wednesday,2,False,False,,True,4,45,True,False,False,False,False,False,False,,,,,6.0,3.0,1.0,,1.085714285714293,,,Liforme Yoga Pad,Wellness,Rodillera Yoga,False,False,False,False,False,False,False,False,False,True,False,False,False,False,False,False,False,False,False,False,False,False,False,False,False,False,False,True,False,False,False,False,False,False,False,False,False,False,False,True,False,False,False,False
2025-11-06,PROD_023,Liforme Yoga Pad,Wellness,Rodillera Yoga,35,False,,35.53,,True,31.8,32.36,34.31,,,,2025,11,November,6,Thursday,3,False,False,,True,4,45,True,False,False,False,False,False,False,,,,,,6.0,3.0,,1.5142857142857176,,,Liforme Yoga Pad,Wellness,Rodillera Yoga,False,False,False,False,False,False,False,False,False,True,False,False,False,False,False,False,False,False,False,False,False,False,False,False,False,False,False,True,False,False,False,False,False,False,False,False,False,False,False,True,False,False,False,False
2025-11-07,PROD_023,Liforme Yoga Pad,Wellness,Rodillera Yoga,35,False,,34.48,,True,34.8,32.75,31.63,,,,2025,11,November,7,Friday,4,False,False,,True,4,45,True,False,False,False,False,False,False,,,,,,,6.0,,-1.4857142857142946,,,Liforme Yoga Pad,Wellness,Rodillera Yoga,False,False,False,False,False,False,False,False,False,True,False,False,False,False,False,False,False,False,False,False,False,False,False,False,False,False,False,True,False,False,False,False,False,False,False,False,False,False,False,True,False,False,False,False
2025-11-08,PROD_023,Liforme Yoga Pad,Wellness,Rodillera Yoga,35,False,,34.38,,True,33.02,30.87,35.85,,,,2025,11,November,8,Saturday,5,True,False,,False,4,45,False,False,False,False,False,False,False,,,,,,,,,-1.771428571428564,,,Liforme Yoga Pad,Wellness,Rodillera Yoga,False,False,False,False,False,False,False,False,False,True,False,False,False,False,False,False,False,False,False,False,False,False,False,False,False,False,False,True,False,False,False,False,False,False,False,False,False,False,False,True,False,False,False,False
2025-11-09,PROD_023,Liforme Yoga Pad,Wellness,Rodillera Yoga,35,False,,35.34,,True,32.91,31.75,36.44,,,,2025,11,November,9,Sunday,6,True,False,,False,4,45,False,False,False,False,False,False,False,,,,,,,,,0.9714285714285812,,,Liforme Yoga Pad,Wellness,Rodillera Yoga,False,False,False,False,False,False,False,False,False,True,False,False,False,False,False,False,False,False,False,False,False,False,False,False,False,False,False,True,False,False,False,False,False,False,False,False,False,False,False,True,False,False,False,False
2025-11-10,PROD_023,Liforme Yoga Pad,Wellness,Rodillera Yoga,35,False,,34.72,,True,37.05,30.98,34.36,,,,2025,11,November,10,Monday,0,False,False,,True,4,46,False,False,False,False,False,False,False,,,,,,,,,-0.8000000000000033,,,Liforme Yoga Pad,Wellness,Rodillera Yoga,False,False,False,False,False,False,False,False,False,True,False,False,False,False,False,False,False,False,False,False,False,False,False,False,False,False,False,True,False,False,False,False,False,False,False,False,False,False,False,True,False,False,False,False
2025-11-11,PROD_023,Liforme Yoga Pad,Wellness,Rodillera Yoga,35,False,,34.82,,True,35.76,33.57,32.72,,,,2025,11,November,11,Tuesday,1,False,False,,True,4,46,False,False,False,False,False,False,False,,,,,,,,,-0.5142857142857135,,,Liforme Yoga Pad,Wellness,Rodillera Yoga,False,False,False,False,False,False,False,False,False,True,False,False,False,False,False,False,False,False,False,False,False,False,False,False,False,False,False,True,False,False,False,False,False,False,False,False,False,False,False,True,False,False,False,False
2025-11-12,PROD_023,Liforme Yoga Pad,Wellness,Rodillera Yoga,35,False,,35.23,,True,35.09,31.17,33.88,,,,2025,11,November,12,Wednesday,2,False,False,,True,4,46,False,False,False,False,False,False,False,,,,,,,,,0.6571428571428483,,,Liforme Yoga Pad,Wellness,Rodillera Yoga,False,False,False,False,False,False,False,False,False,True,False,False,False,False,False,False,False,False,False,False,False,False,False,False,False,False,False,True,False,False,False,False,False,False,False,False,False,False,False,True,False,False,False,False
2025-11-13,PROD_023,Liforme Yoga Pad,Wellness,Rodillera Yoga,35,False,,35.39,,True,35.86,32.62,35.1,,,,2025,11,November,13,Thursday,3,False,False,,True,4,46,False,False,False,False,False,False,False,,,,,,,,,1.1142857142857159,,,Liforme Yoga Pad,Wellness,Rodillera Yoga,False,False,False,False,False,False,False,False,False,True,False,False,False,False,False,False,False,False,False,False,False,False,False,False,False,False,False,True,False,False,False,False,False,False,False,False,False,False,False,True,False,False,False,False
2025-11-14,PROD_023,Liforme Yoga Pad,Wellness,Rodillera Yoga,35,False,,34.36,,True,36.09,30.43,36.33,,,,2025,11,November,14,Friday,4,False,False,,True,4,46,False,False,False,False,False,False,False,,,,,,,,,-1.82857142857143,,,Liforme Yoga Pad,Wellness,Rodillera Yoga,False,False,False,False,False,False,False,False,False,True,False,False,False,False,False,False,False,False,False,False,False,False,False,False,False,False,False,True,False,False,False,False,False,False,False,False,False,False,False,True,False,False,False,False
2025-11-15,PROD_023,Liforme Yoga Pad,Wellness,Rodillera Yoga,35,False,,35.36,,True,33.18,32.06,33.72,,,,2025,11,November,15,Saturday,5,True,False,,False,4,46,False,False,False,False,False,False,False,,,,,,,,,1.028571428571427,,,Liforme Yoga Pad,Wellness,Rodillera Yoga,False,False,False,False,False,False,False,False,False,True,False,False,False,False,False,False,False,False,False,False,False,False,False,False,False,False,False,True,False,False,False,False,False,False,False,False,False,False,False,True,False,False,False,False
2025-11-16,PROD_023,Liforme Yoga Pad,Wellness,Rodillera Yoga,35,False,,35.01,,True,36.01,31.83,35.66,,,,2025,11,November,16,Sunday,6,True,False,,False,4,46,False,False,False,False,False,False,False,,,,,,,,,0.028571428571422888,,,Liforme Yoga Pad,Wellness,Rodillera Yoga,False,False,False,False,False,False,False,False,False,True,False,False,False,False,False,False,False,False,False,False,False,False,False,False,False,False,False,True,False,False,False,False,False,False,False,False,False,False,False,True,False,False,False,False
2025-11-17,PROD_023,Liforme Yoga Pad,Wellness,Rodillera Yoga,35,False,,35.3,,True,36.51,32.89,34.87,,,,2025,11,November,17,Monday,0,False,False,,True,4,47,False,False,False,False,False,False,False,,,,,,,,,0.857142857142849,,,Liforme Yoga Pad,Wellness,Rodillera Yoga,False,False,False,False,False,False,False,False,False,True,False,False,False,False,False,False,False,False,False,False,False,False,False,False,False,False,False,True,False,False,False,False,False,False,False,False,False,False,False,True,False,False,False,False
2025-11-18,PROD_023,Liforme Yoga Pad,Wellness,Rodillera Yoga,35,False,,35.27,,True,36.12,32.47,36.05,,,,2025,11,November,18,Tuesday,1,False,False,,True,4,47,False,False,False,False,False,False,False,,,,,,,,,0.7714285714285803,,,Liforme Yoga Pad,Wellness,Rodillera Yoga,False,False,False,False,False,False,False,False,False,True,False,False,False,False,False,False,False,False,False,False,False,False,False,False,False,False,False,True,False,False,False,False,False,False,False,False,False,False,False,True,False,False,False,False
2025-11-19,PROD_023,Liforme Yoga Pad,Wellness,Rodillera Yoga,35,False,,34.57,,True,33.85,30.65,33.37,,,,2025,11,November,19,Wednesday,2,False,False,,True,4,47,False,False,False,False,False,False,False,,,,,,,,,-1.2285714285714278,,,Liforme Yoga Pad,Wellness,Rodillera Yoga,False,False,False,False,False,False,False,False,False,True,False,False,False,False,False,False,False,False,False,False,False,False,False,False,False,False,False,True,False,False,False,False,False,False,False,False,False,False,False,True,False,False,False,False
2025-11-20,PROD_023,Liforme Yoga Pad,Wellness,Rodillera Yoga,35,False,,35.67,,True,35.72,32.85,35.56,,,,2025,11,November,20,Thursday,3,False,False,,True,4,47,False,False,False,False,False,False,False,,,,,,,,,1.914285714285719,,,Liforme Yoga Pad,Wellness,Rodillera Yoga,False,False,False,False,False,False,False,False,False,True,False,False,False,False,False,False,False,False,False,False,False,False,False,False,False,False,False,True,False,False,False,False,False,False,False,False,False,False,False,True,False,False,False,False
2025-11-21,PROD_023,Liforme Yoga Pad,Wellness,Rodillera Yoga,35,False,,35.63,,True,37.9,29.49,34.86,,,,2025,11,November,21,Friday,4,False,False,,True,4,47,False,False,False,False,False,False,False,,,,,,,,,1.8000000000000071,,,Liforme Yoga Pad,Wellness,Rodillera Yoga,False,False,False,False,False,False,False,False,False,True,False,False,False,False,False,False,False,False,False,False,False,False,False,False,False,False,False,True,False,False,False,False,False,False,False,False,False,False,False,True,False,False,False,False
2025-11-22,PROD_023,Liforme Yoga Pad,Wellness,Rodillera Yoga,35,False,,34.53,,True,36.17,32.92,34.58,,,,2025,11,November,22,Saturday,5,True,False,,False,4,47,False,False,False,False,False,False,False,,,,,,,,,-1.3428571428571396,,,Liforme Yoga Pad,Wellness,Rodillera Yoga,False,False,False,False,False,False,False,False,False,True,False,False,False,False,False,False,False,False,False,False,False,False,False,False,False,False,False,True,False,False,False,False,False,False,False,False,False,False,False,True,False,False,False,False
2025-11-23,PROD_023,Liforme Yoga Pad,Wellness,Rodillera Yoga,35,False,,35.47,,True,34.81,31.96,35.55,,,,2025,11,November,23,Sunday,6,True,False,,False,4,47,False,False,False,False,False,False,False,,,,,,,,,1.3428571428571396,,,Liforme Yoga Pad,Wellness,Rodillera Yoga,False,False,False,False,False,False,False,False,False,True,False,False,False,False,False,False,False,False,False,False,False,False,False,False,False,False,False,True,False,False,False,False,False,False,False,False,False,False,False,True,False,False,False,False
2025-11-24,PROD_023,Liforme Yoga Pad,Wellness,Rodillera Yoga,35,False,,34.63,,True,36.51,32.63,35.61,,,,2025,11,November,24,Monday,0,False,False,,True,4,48,False,False,False,False,False,False,True,,,,,,,,,-1.0571428571428498,,,Liforme Yoga Pad,Wellness,Rodillera Yoga,False,False,False,False,False,False,False,False,False,True,False,False,False,False,False,False,False,False,False,False,False,False,False,False,False,False,False,True,False,False,False,False,False,False,False,False,False,False,False,True,False,False,False,False
2025-11-25,PROD_023,Liforme Yoga Pad,Wellness,Rodillera Yoga,35,False,,34.37,,True,35.03,33.95,35.01,,,,2025,11,November,25,Tuesday,1,False,False,,True,4,48,False,False,True,False,False,False,True,,,,,,,,,-1.8000000000000071,,,Liforme Yoga Pad,Wellness,Rodillera Yoga,False,False,False,False,False,False,False,False,False,True,False,False,False,False,False,False,False,False,False,False,False,False,False,False,False,False,False,True,False,False,False,False,False,False,False,False,False,False,False,True,False,False,False,False
2025-11-26,PROD_023,Liforme Yoga Pad,Wellness,Rodillera Yoga,35,False,,35.51,,True,35.81,31.46,32.16,,,,2025,11,November,26,Wednesday,2,False,False,,True,4,48,False,False,True,False,False,False,True,,,,,,,,,1.4571428571428515,,,Liforme Yoga Pad,Wellness,Rodillera Yoga,False,False,False,False,False,False,False,False,False,True,False,False,False,False,False,False,False,False,False,False,False,False,False,False,False,False,False,True,False,False,False,False,False,False,False,False,False,False,False,True,False,False,False,False
2025-11-27,PROD_023,Liforme Yoga Pad,Wellness,Rodillera Yoga,35,False,,34.48,,True,36.88,30.84,33.64,,,,2025,11,November,27,Thursday,3,False,False,,True,4,48,False,False,True,False,False,False,True,,,,,,,,,-1.4857142857142946,,,Liforme Yoga Pad,Wellness,Rodillera Yoga,False,False,False,False,False,False,False,False,False,True,False,False,False,False,False,False,False,False,False,False,False,False,False,False,False,False,False,True,False,False,False,False,False,False,False,False,False,False,False,True,False,False,False,False
2025-11-28,PROD_023,Liforme Yoga Pad,Wellness,Rodillera Yoga,35,False,,29.75,,True,35.28,31.76,32.19,,,,2025,11,November,28,Friday,4,False,False,,True,4,48,False,False,True,False,True,False,True,,,,,,,,,-15.0,,,Liforme Yoga Pad,Wellness,Rodillera Yoga,False,False,False,False,False,False,False,False,False,True,False,False,False,False,False,False,False,False,False,False,False,False,False,False,False,False,False,True,False,False,False,False,False,False,False,False,False,False,False,True,False,False,False,False
2025-11-29,PROD_023,Liforme Yoga Pad,Wellness,Rodillera Yoga,35,False,,35.1,,True,35.06,31.34,33.66,,,,2025,11,November,29,Saturday,5,True,False,,False,4,48,False,False,True,False,False,False,True,,,,,,,,,0.2857142857142898,,,Liforme Yoga Pad,Wellness,Rodillera Yoga,False,False,False,False,False,False,False,False,False,True,False,False,False,False,False,False,False,False,False,False,False,False,False,False,False,False,False,True,False,False,False,False,False,False,False,False,False,False,False,True,False,False,False,False
2025-11-30,PROD_023,Liforme Yoga Pad,Wellness,Rodillera Yoga,35,False,,34.79,,True,33.0,30.41,36.41,,,,2025,11,November,30,Sunday,6,True,False,,False,4,48,False,False,True,True,False,False,True,,,,,,,,,-0.6000000000000024,,,Liforme Yoga Pad,Wellness,Rodillera Yoga,False,False,False,False,False,False,False,False,False,True,False,False,False,False,False,False,False,False,False,False,False,False,False,False,False,False,False,True,False,False,False,False,False,False,False,False,False,False,False,True,False,False,False,False
2025-11-01,PROD_024,Lotuscrafts Yoga Bolster,Wellness,Cojín Yoga,50,False,,49.57,,True,50.29,45.71,48.43,,,,2025,11,November,1,Saturday,5,True,False,,False,4,44,True,True,False,False,False,False,False,1.0,4.0,2.0,4.0,2.0,4.0,1.0,,-0.8599999999999994,,,Lotuscrafts Yoga Bolster,Wellness,Cojín Yoga,False,False,False,False,False,False,False,False,False,False,True,False,False,False,False,False,False,False,False,False,False,False,False,False,False,False,False,True,False,False,False,False,True,False,False,False,False,False,False,False,False,False,False,False
2025-11-02,PROD_024,Lotuscrafts Yoga Bolster,Wellness,Cojín Yoga,50,False,,49.15,,True,50.21,45.47,50.19,,,,2025,11,November,2,Sunday,6,True,False,,False,4,44,True,False,False,False,False,False,False,,1.0,4.0,2.0,4.0,2.0,4.0,,-1.7000000000000028,,,Lotuscrafts Yoga Bolster,Wellness,Cojín Yoga,False,False,False,False,False,False,False,False,False,False,True,False,False,False,False,False,False,False,False,False,False,False,False,False,False,False,False,True,False,False,False,False,True,False,False,False,False,False,False,False,False,False,False,False
2025-11-03,PROD_024,Lotuscrafts Yoga Bolster,Wellness,Cojín Yoga,50,False,,49.18,,True,54.22,47.73,47.3,,,,2025,11,November,3,Monday,0,False,False,,True,4,45,True,False,False,False,False,False,False,,,1.0,4.0,2.0,4.0,2.0,,-1.6400000000000006,,,Lotuscrafts Yoga Bolster,Wellness,Cojín Yoga,False,False,False,False,False,False,False,False,False,False,True,False,False,False,False,False,False,False,False,False,False,False,False,False,False,False,False,True,False,False,False,False,True,False,False,False,False,False,False,False,False,False,False,False
2025-11-04,PROD_024,Lotuscrafts Yoga Bolster,Wellness,Cojín Yoga,50,False,,49.03,,True,51.96,47.49,51.81,,,,2025,11,November,4,Tuesday,1,False,False,,True,4,45,True,False,False,False,False,False,False,,,,1.0,4.0,2.0,4.0,,-1.9399999999999977,,,Lotuscrafts Yoga Bolster,Wellness,Cojín Yoga,False,False,False,False,False,False,False,False,False,False,True,False,False,False,False,False,False,False,False,False,False,False,False,False,False,False,False,True,False,False,False,False,True,False,False,False,False,False,False,False,False,False,False,False
2025-11-05,PROD_024,Lotuscrafts Yoga Bolster,Wellness,Cojín Yoga,50,False,,50.22,,True,46.72,44.15,51.82,,,,2025,11,November,5,Wednesday,2,False,False,,True,4,45,True,False,False,False,False,False,False,,,,,1.0,4.0,2.0,,0.43999999999999767,,,Lotuscrafts Yoga Bolster,Wellness,Cojín Yoga,False,False,False,False,False,False,False,False,False,False,True,False,False,False,False,False,False,False,False,False,False,False,False,False,False,False,False,True,False,False,False,False,True,False,False,False,False,False,False,False,False,False,False,False
2025-11-06,PROD_024,Lotuscrafts Yoga Bolster,Wellness,Cojín Yoga,50,False,,50.89,,True,50.46,45.26,50.37,,,,2025,11,November,6,Thursday,3,False,False,,True,4,45,True,False,False,False,False,False,False,,,,,,1.0,4.0,,1.7800000000000011,,,Lotuscrafts Yoga Bolster,Wellness,Cojín Yoga,False,False,False,False,False,False,False,False,False,False,True,False,False,False,False,False,False,False,False,False,False,False,False,False,False,False,False,True,False,False,False,False,True,False,False,False,False,False,False,False,False,False,False,False
2025-11-07,PROD_024,Lotuscrafts Yoga Bolster,Wellness,Cojín Yoga,50,False,,50.18,,True,52.54,47.46,49.39,,,,2025,11,November,7,Friday,4,False,False,,True,4,45,True,False,False,False,False,False,False,,,,,,,1.0,,0.35999999999999943,,,Lotuscrafts Yoga Bolster,Wellness,Cojín Yoga,False,False,False,False,False,False,False,False,False,False,True,False,False,False,False,False,False,False,False,False,False,False,False,False,False,False,False,True,False,False,False,False,True,False,False,False,False,False,False,False,False,False,False,False
2025-11-08,PROD_024,Lotuscrafts Yoga Bolster,Wellness,Cojín Yoga,50,False,,50.17,,True,49.61,45.08,46.67,,,,2025,11,November,8,Saturday,5,True,False,,False,4,45,False,False,False,False,False,False,False,,,,,,,,,0.3400000000000034,,,Lotuscrafts Yoga Bolster,Wellness,Cojín Yoga,False,False,False,False,False,False,False,False,False,False,True,False,False,False,False,False,False,False,False,False,False,False,False,False,False,False,False,True,False,False,False,False,True,False,False,False,False,False,False,False,False,False,False,False
2025-11-09,PROD_024,Lotuscrafts Yoga Bolster,Wellness,Cojín Yoga,50,False,,50.92,,True,52.75,45.07,50.93,,,,2025,11,November,9,Sunday,6,True,False,,False,4,45,False,False,False,False,False,False,False,,,,,,,,,1.8400000000000034,,,Lotuscrafts Yoga Bolster,Wellness,Cojín Yoga,False,False,False,False,False,False,False,False,False,False,True,False,False,False,False,False,False,False,False,False,False,False,False,False,False,False,False,True,False,False,False,False,True,False,False,False,False,False,False,False,False,False,False,False
2025-11-10,PROD_024,Lotuscrafts Yoga Bolster,Wellness,Cojín Yoga,50,False,,50.95,,True,46.99,44.23,49.56,,,,2025,11,November,10,Monday,0,False,False,,True,4,46,False,False,False,False,False,False,False,,,,,,,,,1.900000000000006,,,Lotuscrafts Yoga Bolster,Wellness,Cojín Yoga,False,False,False,False,False,False,False,False,False,False,True,False,False,False,False,False,False,False,False,False,False,False,False,False,False,False,False,True,False,False,False,False,True,False,False,False,False,False,False,False,False,False,False,False
2025-11-11,PROD_024,Lotuscrafts Yoga Bolster,Wellness,Cojín Yoga,50,False,,50.5,,True,49.38,46.91,48.98,,,,2025,11,November,11,Tuesday,1,False,False,,True,4,46,False,False,False,False,False,False,False,,,,,,,,,1.0,,,Lotuscrafts Yoga Bolster,Wellness,Cojín Yoga,False,False,False,False,False,False,False,False,False,False,True,False,False,False,False,False,False,False,False,False,False,False,False,False,False,False,False,True,False,False,False,False,True,False,False,False,False,False,False,False,False,False,False,False
2025-11-12,PROD_024,Lotuscrafts Yoga Bolster,Wellness,Cojín Yoga,50,False,,50.45,,True,45.42,45.63,49.66,,,,2025,11,November,12,Wednesday,2,False,False,,True,4,46,False,False,False,False,False,False,False,,,,,,,,,0.9000000000000057,,,Lotuscrafts Yoga Bolster,Wellness,Cojín Yoga,False,False,False,False,False,False,False,False,False,False,True,False,False,False,False,False,False,False,False,False,False,False,False,False,False,False,False,True,False,False,False,False,True,False,False,False,False,False,False,False,False,False,False,False
2025-11-13,PROD_024,Lotuscrafts Yoga Bolster,Wellness,Cojín Yoga,50,False,,50.23,,True,46.26,46.7,48.85,,,,2025,11,November,13,Thursday,3,False,False,,True,4,46,False,False,False,False,False,False,False,,,,,,,,,0.45999999999999375,,,Lotuscrafts Yoga Bolster,Wellness,Cojín Yoga,False,False,False,False,False,False,False,False,False,False,True,False,False,False,False,False,False,False,False,False,False,False,False,False,False,False,False,True,False,False,False,False,True,False,False,False,False,False,False,False,False,False,False,False
2025-11-14,PROD_024,Lotuscrafts Yoga Bolster,Wellness,Cojín Yoga,50,False,,49.4,,True,50.44,46.17,50.94,,,,2025,11,November,14,Friday,4,False,False,,True,4,46,False,False,False,False,False,False,False,,,,,,,,,-1.2000000000000028,,,Lotuscrafts Yoga Bolster,Wellness,Cojín Yoga,False,False,False,False,False,False,False,False,False,False,True,False,False,False,False,False,False,False,False,False,False,False,False,False,False,False,False,True,False,False,False,False,True,False,False,False,False,False,False,False,False,False,False,False
2025-11-15,PROD_024,Lotuscrafts Yoga Bolster,Wellness,Cojín Yoga,50,False,,49.03,,True,47.63,44.51,48.05,,,,2025,11,November,15,Saturday,5,True,False,,False,4,46,False,False,False,False,False,False,False,,,,,,,,,-1.9399999999999977,,,Lotuscrafts Yoga Bolster,Wellness,Cojín Yoga,False,False,False,False,False,False,False,False,False,False,True,False,False,False,False,False,False,False,False,False,False,False,False,False,False,False,False,True,False,False,False,False,True,False,False,False,False,False,False,False,False,False,False,False
2025-11-16,PROD_024,Lotuscrafts Yoga Bolster,Wellness,Cojín Yoga,50,False,,49.13,,True,47.5,48.31,49.25,,,,2025,11,November,16,Sunday,6,True,False,,False,4,46,False,False,False,False,False,False,False,,,,,,,,,-1.739999999999995,,,Lotuscrafts Yoga Bolster,Wellness,Cojín Yoga,False,False,False,False,False,False,False,False,False,False,True,False,False,False,False,False,False,False,False,False,False,False,False,False,False,False,False,True,False,False,False,False,True,False,False,False,False,False,False,False,False,False,False,False
2025-11-17,PROD_024,Lotuscrafts Yoga Bolster,Wellness,Cojín Yoga,50,False,,50.21,,True,48.17,45.98,50.81,,,,2025,11,November,17,Monday,0,False,False,,True,4,47,False,False,False,False,False,False,False,,,,,,,,,0.4200000000000017,,,Lotuscrafts Yoga Bolster,Wellness,Cojín Yoga,False,False,False,False,False,False,False,False,False,False,True,False,False,False,False,False,False,False,False,False,False,False,False,False,False,False,False,True,False,False,False,False,True,False,False,False,False,False,False,False,False,False,False,False
2025-11-18,PROD_024,Lotuscrafts Yoga Bolster,Wellness,Cojín Yoga,50,False,,50.87,,True,51.0,43.38,50.24,,,,2025,11,November,18,Tuesday,1,False,False,,True,4,47,False,False,False,False,False,False,False,,,,,,,,,1.739999999999995,,,Lotuscrafts Yoga Bolster,Wellness,Cojín Yoga,False,False,False,False,False,False,False,False,False,False,True,False,False,False,False,False,False,False,False,False,False,False,False,False,False,False,False,True,False,False,False,False,True,False,False,False,False,False,False,False,False,False,False,False
2025-11-19,PROD_024,Lotuscrafts Yoga Bolster,Wellness,Cojín Yoga,50,False,,50.23,,True,52.06,47.01,48.34,,,,2025,11,November,19,Wednesday,2,False,False,,True,4,47,False,False,False,False,False,False,False,,,,,,,,,0.45999999999999375,,,Lotuscrafts Yoga Bolster,Wellness,Cojín Yoga,False,False,False,False,False,False,False,False,False,False,True,False,False,False,False,False,False,False,False,False,False,False,False,False,False,False,False,True,False,False,False,False,True,False,False,False,False,False,False,False,False,False,False,False
2025-11-20,PROD_024,Lotuscrafts Yoga Bolster,Wellness,Cojín Yoga,50,False,,49.74,,True,49.83,45.85,51.33,,,,2025,11,November,20,Thursday,3,False,False,,True,4,47,False,False,False,False,False,False,False,,,,,,,,,-0.519999999999996,,,Lotuscrafts Yoga Bolster,Wellness,Cojín Yoga,False,False,False,False,False,False,False,False,False,False,True,False,False,False,False,False,False,False,False,False,False,False,False,False,False,False,False,True,False,False,False,False,True,False,False,False,False,False,False,False,False,False,False,False
2025-11-21,PROD_024,Lotuscrafts Yoga Bolster,Wellness,Cojín Yoga,50,False,,50.08,,True,47.62,43.41,50.43,,,,2025,11,November,21,Friday,4,False,False,,True,4,47,False,False,False,False,False,False,False,,,,,,,,,0.1599999999999966,,,Lotuscrafts Yoga Bolster,Wellness,Cojín Yoga,False,False,False,False,False,False,False,False,False,False,True,False,False,False,False,False,False,False,False,False,False,False,False,False,False,False,False,True,False,False,False,False,True,False,False,False,False,False,False,False,False,False,False,False
2025-11-22,PROD_024,Lotuscrafts Yoga Bolster,Wellness,Cojín Yoga,50,False,,50.57,,True,51.67,49.0,48.37,,,,2025,11,November,22,Saturday,5,True,False,,False,4,47,False,False,False,False,False,False,False,,,,,,,,,1.1400000000000006,,,Lotuscrafts Yoga Bolster,Wellness,Cojín Yoga,False,False,False,False,False,False,False,False,False,False,True,False,False,False,False,False,False,False,False,False,False,False,False,False,False,False,False,True,False,False,False,False,True,False,False,False,False,False,False,False,False,False,False,False
2025-11-23,PROD_024,Lotuscrafts Yoga Bolster,Wellness,Cojín Yoga,50,False,,49.5,,True,48.1,48.33,53.72,,,,2025,11,November,23,Sunday,6,True,False,,False,4,47,False,False,False,False,False,False,False,,,,,,,,,-1.0,,,Lotuscrafts Yoga Bolster,Wellness,Cojín Yoga,False,False,False,False,False,False,False,False,False,False,True,False,False,False,False,False,False,False,False,False,False,False,False,False,False,False,False,True,False,False,False,False,True,False,False,False,False,False,False,False,False,False,False,False
2025-11-24,PROD_024,Lotuscrafts Yoga Bolster,Wellness,Cojín Yoga,50,False,,50.87,,True,47.67,44.84,46.37,,,,2025,11,November,24,Monday,0,False,False,,True,4,48,False,False,False,False,False,False,True,,,,,,,,,1.739999999999995,,,Lotuscrafts Yoga Bolster,Wellness,Cojín Yoga,False,False,False,False,False,False,False,False,False,False,True,False,False,False,False,False,False,False,False,False,False,False,False,False,False,False,False,True,False,False,False,False,True,False,False,False,False,False,False,False,False,False,False,False
2025-11-25,PROD_024,Lotuscrafts Yoga Bolster,Wellness,Cojín Yoga,50,False,,49.04,,True,49.8,42.56,49.81,,,,2025,11,November,25,Tuesday,1,False,False,,True,4,48,False,False,True,False,False,False,True,,,,,,,,,-1.9200000000000015,,,Lotuscrafts Yoga Bolster,Wellness,Cojín Yoga,False,False,False,False,False,False,False,False,False,False,True,False,False,False,False,False,False,False,False,False,False,False,False,False,False,False,False,True,False,False,False,False,True,False,False,False,False,False,False,False,False,False,False,False
2025-11-26,PROD_024,Lotuscrafts Yoga Bolster,Wellness,Cojín Yoga,50,False,,50.85,,True,47.88,46.0,49.1,,,,2025,11,November,26,Wednesday,2,False,False,,True,4,48,False,False,True,False,False,False,True,,,,,,,,,1.7000000000000028,,,Lotuscrafts Yoga Bolster,Wellness,Cojín Yoga,False,False,False,False,False,False,False,False,False,False,True,False,False,False,False,False,False,False,False,False,False,False,False,False,False,False,False,True,False,False,False,False,True,False,False,False,False,False,False,False,False,False,False,False
2025-11-27,PROD_024,Lotuscrafts Yoga Bolster,Wellness,Cojín Yoga,50,False,,49.82,,True,46.36,46.89,49.29,,,,2025,11,November,27,Thursday,3,False,False,,True,4,48,False,False,True,False,False,False,True,,,,,,,,,-0.35999999999999943,,,Lotuscrafts Yoga Bolster,Wellness,Cojín Yoga,False,False,False,False,False,False,False,False,False,False,True,False,False,False,False,False,False,False,False,False,False,False,False,False,False,False,False,True,False,False,False,False,True,False,False,False,False,False,False,False,False,False,False,False
2025-11-28,PROD_024,Lotuscrafts Yoga Bolster,Wellness,Cojín Yoga,50,False,,42.5,,True,49.65,42.64,48.59,,,,2025,11,November,28,Friday,4,False,False,,True,4,48,False,False,True,False,True,False,True,,,,,,,,,-15.0,,,Lotuscrafts Yoga Bolster,Wellness,Cojín Yoga,False,False,False,False,False,False,False,False,False,False,True,False,False,False,False,False,False,False,False,False,False,False,False,False,False,False,False,True,False,False,False,False,True,False,False,False,False,False,False,False,False,False,False,False
2025-11-29,PROD_024,Lotuscrafts Yoga Bolster,Wellness,Cojín Yoga,50,False,,50.37,,True,50.17,45.08,48.64,,,,2025,11,November,29,Saturday,5,True,False,,False,4,48,False,False,True,False,False,False,True,,,,,,,,,0.7399999999999949,,,Lotuscrafts Yoga Bolster,Wellness,Cojín Yoga,False,False,False,False,False,False,False,False,False,False,True,False,False,False,False,False,False,False,False,False,False,False,False,False,False,False,False,True,False,False,False,False,True,False,False,False,False,False,False,False,False,False,False,False
2025-11-30,PROD_024,Lotuscrafts Yoga Bolster,Wellness,Cojín Yoga,50,False,,49.62,,True,50.0,42.97,45.65,,,,2025,11,November,30,Sunday,6,True,False,,False,4,48,False,False,True,True,False,False,True,,,,,,,,,-0.7600000000000051,,,Lotuscrafts Yoga Bolster,Wellness,Cojín Yoga,False,False,False,False,False,False,False,False,False,False,True,False,False,False,False,False,False,False,False,False,False,False,False,False,False,False,False,True,False,False,False,False,True,False,False,False,False,False,False,False,False,False,False,False
